state,district,pop,pop_dens,cases,cases_100k,deaths,deaths_100k,mortality,PM25_sat,NO2_sat,Z-score,p-value,q-value
Baden-Württemberg,Alb-Donau-Kreis,196047,144.4578999,628,320.3313491,25,12.75204415,3.98089172,12.60360938,3.599500015,1.947249542,0.054,3
Baden-Württemberg,Baden-Baden,55123,393.0144729,184,333.7989587,19,34.46837073,10.32608696,11.94648598,3.990208411,-1.434528531,0.162,4
Baden-Württemberg,Biberach,199742,141.6745256,598,299.3862082,33,16.52131249,5.518394649,11.82750833,3.146844435,-3.705726694,0.002,4
Baden-Württemberg,Böblingen,391640,634.5000202,1327,338.83158,46,11.74548054,3.466465712,11.85166002,4.898740715,2.299781702,0.03,3
Baden-Württemberg,Bodenseekreis,216227,324.9855488,289,133.6558339,8,3.699815472,2.76816609,11.13550965,2.712952444,3.790518059,0.002,3
Baden-Württemberg,Breisgau-Hochschwarzwald,262795,190.8664205,1125,428.0903366,66,25.11463308,5.866666667,11.64091947,3.311962922,-3.035517483,0.006,4
Baden-Württemberg,Calw,158397,198.7125564,733,462.7612897,24,15.15180212,3.274215553,11.18198111,3.536444452,3.271518706,0.004,3
Baden-Württemberg,Emmendingen,165383,243.0676214,519,313.8170187,40,24.18628275,7.707129094,11.49815788,3.244000053,-2.714720949,0.01,4
Baden-Württemberg,Enzkreis,198905,347.0022151,634,318.7451296,18,9.049546266,2.839116719,12.09077444,6.192857129,2.256585848,0.022,3
Baden-Württemberg,Esslingen,533859,834.5461312,1794,336.0437868,105,19.66811461,5.852842809,13.36142847,5.014370441,-1.482963263,0.138,4
Baden-Württemberg,Freiburg im Breisgau,230241,1493.015244,962,417.8230637,77,33.44321819,8.004158004,13.06986416,3.967548616,-2.228298328,0.034,4
Baden-Württemberg,Freudenstadt,117935,135.3686728,567,480.7733073,37,31.37321406,6.525573192,10.82734963,2.993666649,-4.085754912,0.002,4
Baden-Württemberg,Göppingen,257253,400.3762966,774,300.8711269,39,15.16017306,5.03875969,13.06224373,4.890888929,-1.62767222,0.086,4
Baden-Württemberg,Heidelberg,160355,1467.452703,292,182.0959746,7,4.365314459,2.397260274,13.95985397,7.111901077,-0.47541897,0.618,2
Baden-Württemberg,Heidenheim,132472,211.1428026,511,385.7418926,39,29.44018359,7.632093933,13.25296181,4.334190437,-1.196158337,0.228,4
Baden-Württemberg,Heilbronn,343068,312.192171,937,273.1236956,38,11.07652127,4.055496265,13.43761838,5.295155557,1.124568669,0.24,3
Baden-Württemberg,Heilbronn (Stadtkreis),125960,1251.995077,434,344.5538266,16,12.70244522,3.686635945,15.02138413,5.695621646,0.358899039,0.626,3
Baden-Württemberg,Hohenlohekreis,112010,144.1410703,766,683.8675118,46,41.06776181,6.005221932,13.62709674,4.116000009,-0.66926959,0.518,4
Baden-Württemberg,Karlsruhe,444232,409.6305763,952,214.3024366,76,17.10817771,7.983193277,12.80019728,6.869944453,-1.624604039,0.112,4
Baden-Württemberg,Karlsruhe (Stadtkreis),313092,1799.409593,378,120.7312867,11,3.513344321,2.91005291,14.2445893,7.383777777,1.068238624,0.302,3
Baden-Württemberg,Konstanz,285325,330.8204132,466,163.3225269,15,5.257162884,3.21888412,11.78557222,2.654370387,3.819676146,0.002,3
Baden-Württemberg,Lörrach,228639,283.2245333,666,291.2888877,57,24.93013003,8.558558559,11.95677585,3.518363649,-2.173074615,0.038,4
Baden-Württemberg,Ludwigsburg,543984,792.1970245,1741,320.0461778,71,13.05185447,4.078116025,13.38142452,6.310888847,1.42190151,0.162,3
Baden-Württemberg,Main-Tauber-Kreis,132321,101.3959585,396,299.2722244,10,7.557379403,2.525252525,13.63979065,3.561955547,0.722846703,0.476,3
Baden-Württemberg,Mannheim,309370,2131.970825,478,154.5075476,10,3.232375473,2.092050209,15.42681284,7.527111212,-0.632004714,0.53,2
Baden-Württemberg,Neckar-Odenwald-Kreis,143535,127.5367101,435,303.0619709,22,15.32727209,5.057471264,13.33445113,4.057809506,-0.806501641,0.41,4
Baden-Württemberg,Ortenaukreis,429479,230.9579027,1200,279.4083063,116,27.00946961,9.666666667,11.64951145,3.398249984,-4.049625057,0.002,4
Baden-Württemberg,Ostalbkreis,314002,207.9001741,1331,423.8826504,31,9.872548582,2.329075883,13.18428738,4.478925864,0.861047587,0.368,3
Baden-Württemberg,Pforzheim,125542,1275.118761,377,300.2979083,8,6.372369406,2.122015915,12.67890385,5.721666574,2.019532545,0.064,3
Baden-Württemberg,Rastatt,231018,312.8950661,516,223.3592188,16,6.925867248,3.100775194,11.87335963,4.376888911,3.455225643,0.002,3
Baden-Württemberg,Ravensburg,284285,174.1880916,561,197.3371792,7,2.462317745,1.247771836,10.97716176,2.705714305,5.168038498,0.002,3
Baden-Württemberg,Rems-Murr-Kreis,426158,497.0238214,1560,366.0614138,84,19.71099921,5.384615385,13.22143749,5.304461516,-0.878764868,0.39,4
Baden-Württemberg,Reutlingen,286748,262.5082446,1529,533.2208071,76,26.50410814,4.970568999,12.01934299,3.633944492,-3.414945716,0.002,4
Baden-Württemberg,Rhein-Neckar-Kreis,547625,516.2689313,949,173.2937685,37,6.756448299,3.898840885,13.53002246,6.509444435,0.205179458,0.846,3
Baden-Württemberg,Rottweil,139455,181.1803645,674,483.3100283,25,17.92692983,3.709198813,11.05397704,2.557703707,4.007011027,0.002,3
Baden-Württemberg,Schwäbisch Hall,195861,131.9675917,855,436.5340726,57,29.10227151,6.666666667,13.42075992,3.778862771,-0.811119148,0.434,4
Baden-Württemberg,Schwarzwald-Baar-Kreis,212381,206.9792158,548,258.026848,27,12.71300163,4.927007299,11.09847555,2.132615383,-4.103887025,0.002,4
Baden-Württemberg,Sigmaringen,130873,108.6449545,777,593.7053479,33,25.21528505,4.247104247,11.27318259,2.889600007,4.366902561,0.002,3
Baden-Württemberg,Stuttgart,634830,3024.210116,1454,229.0376951,61,9.608871666,4.195323246,14.20786424,5.83688879,1.399505688,0.178,3
Baden-Württemberg,Tübingen,227331,437.0750906,1282,563.935407,57,25.07357114,4.446177847,12.18147138,3.815888961,-3.664076643,0.002,4
Baden-Württemberg,Tuttlingen,140152,190.9538381,498,355.3285005,21,14.98373195,4.21686747,11.01402317,2.193833321,4.116084896,0.002,3
Baden-Württemberg,Ulm,126329,1058.562908,281,222.4350703,5,3.957919401,1.779359431,13.90537358,3.389666677,1.105109667,0.254,3
Baden-Württemberg,Waldshut,170619,150.8571817,309,181.1052696,35,20.51354187,11.32686084,11.67438053,2.933644422,-2.623564858,0.012,4
Baden-Württemberg,Zollernalbkreis,188935,206.0157867,1191,630.375526,73,38.6376267,6.129303107,11.21410149,3.190999985,-4.128448133,0.002,4
Bayern,Aichach-Friedberg,133596,171.3230092,286,214.0782658,20,14.9705081,6.993006993,13.88752438,4.464592563,-0.272694334,0.798,4
Bayern,Altötting,111210,195.3193763,598,537.7214279,51,45.85918533,8.528428094,14.3340809,2.832000057,-0.560637606,0.552,4
Bayern,Amberg,41970,832.1453685,80,190.6123421,4,9.530617107,5,16.25452975,3.004735509,0.657994175,0.446,1
Bayern,Amberg-Sulzbach,103109,82.15853021,490,475.2252471,47,45.58282982,9.591836735,14.81469986,3.088177776,1.545001845,0.13,1
Bayern,Ansbach,183949,93.23878196,599,325.6337354,27,14.6779814,4.507512521,13.67506229,3.647160512,-0.30441588,0.774,4
Bayern,Ansbach (Kreisfreie Stadt),41847,419.2308774,138,329.7727436,8,19.1172605,5.797101449,13.80825267,3.652932989,-0.146458228,0.868,4
Bayern,Aschaffenburg,174208,249.1606525,530,304.2340191,37,21.23897869,6.981132075,13.36294734,4.995333407,0.387224801,0.712,1
Bayern,Aschaffenburg (Kreisfreie Stadt),70527,1138.045832,114,161.6402229,1,1.417896692,0.877192982,15.17003501,5.148524378,0.494448698,0.592,3
Bayern,Augsburg,251534,234.7553411,386,153.4583794,8,3.180484547,2.07253886,13.06523718,4.038333382,2.171694962,0.032,3
Bayern,Augsburg (Kreisfreie Stadt),295135,2014.954192,391,132.4817456,14,4.743591916,3.58056266,14.35405642,4.34254078,0.405091643,0.67,3
Bayern,Bad Kissingen,103218,90.72479973,254,246.0811099,19,18.40764208,7.480314961,13.5143877,3.434291705,-0.4172799,0.682,4
Bayern,Bad Tölz-Wolfratshausen,127227,114.4437785,419,329.3326102,10,7.859966831,2.386634845,10.39259434,1.998888898,4.379979394,0.002,3
Bayern,Bamberg,147086,126.0328918,413,280.7881104,36,24.47547693,8.716707022,13.96701275,3.439022223,0.50218521,0.628,1
Bayern,Bamberg (Kreisfreie Stadt),77592,1412.397711,194,250.0257759,17,21.9094752,8.762886598,15.87590806,3.412584377,-0.003010372,0.924,1
Bayern,Bayreuth,103656,81.38717555,416,401.3274678,27,26.04769623,6.490384615,14.18559259,2.912102516,1.014381611,0.332,1
Bayern,Bayreuth (Kreisfreie Stadt),74657,1114.401765,209,279.9469574,12,16.07350952,5.741626794,16.01003661,3.526666641,0.149162846,0.822,1
Bayern,Berchtesgadener Land,105722,125.9198693,300,283.7630767,22,20.80929229,7.333333333,9.526812319,2.279555572,-1.675796678,0.12,4
Bayern,Cham,127882,84.08852294,423,330.773682,20,15.63941759,4.728132388,14.92085719,2.431777778,1.271719898,0.206,1
Bayern,Coburg,86906,147.066575,298,342.8992244,18,20.71203369,6.040268456,13.96513247,2.862111092,-0.04214083,0.928,4
Bayern,Coburg (Kreisfreie Stadt),41249,856.7196854,83,201.2169992,1,2.424301195,1.204819277,15.16940787,3.018787553,-0.032874548,0.898,2
Bayern,Dachau,153884,265.5384266,908,590.0548465,28,18.1955239,3.083700441,14.15807468,4.858999968,-0.523301891,0.578,2
Bayern,Deggendorf,119326,138.5719878,315,263.9827028,13,10.89452424,4.126984127,15.22512669,3.205066705,-1.282140664,0.228,2
Bayern,Dillingen an der Donau,96021,121.3057367,267,278.0641735,26,27.07741015,9.737827715,13.70402251,3.775600004,-0.953302598,0.324,4
Bayern,Dingolfing-Landau,96217,109.6543182,205,213.0600622,7,7.275221634,3.414634146,15.53648493,3.45525927,-1.514536008,0.12,2
Bayern,Donau-Ries,133496,104.7558949,348,260.681968,23,17.22898064,6.609195402,13.84369864,3.725450965,-0.439397511,0.63,4
Bayern,Ebersberg,142142,258.5222207,501,352.464437,5,3.517609151,0.998003992,12.49665431,4.186266708,1.027052551,0.302,3
Bayern,Eichstätt,132341,108.9823186,288,217.6196341,17,12.8456034,5.902777778,14.53778335,3.545714259,1.385709392,0.154,1
Bayern,Erding,137660,158.0959688,616,447.4792968,11,7.990701729,1.785714286,13.90428572,3.862074057,0.064070772,0.926,3
Bayern,Erlangen,111962,1435.425387,259,231.3284865,11,9.824761973,4.247104247,15.82982456,4.68421065,-1.800160051,0.076,2
Bayern,Erlangen-Höchstadt,136271,241.3630715,242,177.5873076,8,5.870654798,3.305785124,14.39445153,4.532666751,-1.345145985,0.174,2
Bayern,F�rth (Kreisfreie Stadt),127748,2017.963563,386,302.1573723,35,27.3976892,9.067357513,16.06374265,5.143031959,1.684397606,0.088,1
Bayern,Forchheim,116099,180.5869152,206,177.4347755,4,3.445335446,1.941747573,14.25736775,3.42540741,-0.434015189,0.658,2
Bayern,Freising,179116,224.3219556,986,550.4812524,42,23.44849148,4.259634888,14.67484114,4.257733321,-0.746347253,0.466,2
Bayern,Freyung-Grafenau,78355,79.60562277,189,241.2098781,12,15.3149129,6.349206349,13.98700305,2.026888847,0.880170378,0.382,1
Bayern,Fürstenfeldbruck,219320,504.5742315,893,407.167609,34,15.50246216,3.807390817,13.74746849,4.785555561,0.688388236,0.49,3
Bayern,Fürth,117387,382.1760727,498,424.2377776,57,48.55733599,11.44578313,14.49935073,5.247333368,1.63235473,0.112,1
Bayern,Garmisch-Partenkirchen,88467,87.44560656,285,322.1540235,18,20.34656991,6.315789474,8.914584348,1.478181817,-4.386156492,0.002,4
Bayern,Günzburg,125747,164.7059872,237,188.4736813,4,3.180990401,1.687763713,12.95326816,3.590866661,1.794595241,0.054,3
Bayern,Haßberge,84599,88.44915844,155,183.2172957,6,7.092282415,3.870967742,13.56872705,3.533454548,0.245767878,0.79,3
Bayern,Hof,95311,106.6729331,455,477.3845621,32,33.57429887,7.032967033,13.87140115,2.961111089,0.25475219,0.808,1
Bayern,Hof (Kreisfreie Stadt),45930,788.9784706,112,243.8493359,4,8.708904855,3.571428571,14.22967195,3.147346745,0.095831726,0.952,3
Bayern,Ingolstadt,136981,1025.797877,454,331.4328265,35,25.55098882,7.709251101,16.21935278,3.985666513,0.78350275,0.428,1
Bayern,Kaufbeuren,43893,1085.032794,110,250.6094366,4,9.113070421,3.636363636,12.19097739,2.345804695,2.647038354,0.016,3
Bayern,Kelheim,122258,114.8472891,442,361.5305338,34,27.81004106,7.692307692,15.14801676,3.56179485,1.358956959,0.174,1
Bayern,Kempten (Allgäu),68907,1090.197483,102,148.0255997,10,14.5123137,9.803921569,12.04979225,2.221802213,-3.000685813,0.01,4
Bayern,Kitzingen,90909,132.9357696,189,207.9002079,3,3.3000033,1.587301587,13.89300302,4.326533318,0.205927306,0.822,3
Bayern,Kronach,67135,103.0500287,151,224.9199374,3,4.468608029,1.986754967,13.65116677,2.846952404,0.115539177,0.89,3
Bayern,Kulmbach,71845,109.185522,242,336.8362447,11,15.3107384,4.545454545,14.17885817,3.125133324,0.006491585,1,1
Bayern,Landsberg am Lech,120071,149.4097463,364,303.1539672,10,8.328405693,2.747252747,11.92893921,2.982749969,2.712168127,0.012,3
Bayern,Landshut,158698,117.7701385,661,416.5143858,29,18.27370225,4.387291982,15.09453281,3.504962921,2.042860971,0.044,1
Bayern,Landshut (Kreisfreie Stadt),72404,1093.086341,276,381.1944091,10,13.81139164,3.623188406,16.10779721,3.520322845,-0.805056189,0.398,2
Bayern,Lichtenfels,66838,128.5959319,262,391.9925791,11,16.4577037,4.198473282,14.16771334,3.203083307,-0.042047302,0.96,2
Bayern,Lindau (Bodensee),81669,252.7010756,240,293.8691548,8,9.795638492,3.333333333,10.2008118,2.570266676,4.024306325,0.002,3
Bayern,M�nchen (Kreisfreie Stadt),1471508,4725.144871,6315,429.1515914,187,12.70805188,2.961203484,15.42674516,5.123333295,0.224690986,0.838,3
Bayern,Main-Spessart,126365,95.59580409,151,119.4951134,6,4.7481502,3.973509934,13.4861977,4.327487175,0.631271032,0.518,3
Bayern,Memmingen,43837,627.0979906,51,116.340078,0,0,0,12.2090576,2.956985351,2.929941674,0.008,3
Bayern,Miesbach,99726,115.0474833,570,571.5660911,11,11.03022281,1.929824561,10.19543591,2.578814838,2.511924389,0.018,3
Bayern,Miltenberg,128756,180.0566122,288,223.6788965,5,3.883314176,1.736111111,13.50557034,4.069833368,0.316846973,0.79,3
Bayern,Mühldorf am Inn,115250,143.137866,498,432.1041215,27,23.42733189,5.421686747,13.90872305,3.302545439,-0.984394342,0.328,4
Bayern,München,348871,525.4321067,1363,390.6888219,69,19.77808416,5.062362436,13.32142383,4.53727267,-2.205753785,0.03,4
Bayern,Neu-Ulm,174200,337.7862743,426,244.5464983,25,14.35132032,5.868544601,12.83276525,3.314555566,-2.03486594,0.054,4
Bayern,Neuburg-Schrobenhausen,96680,130.6334334,325,336.1605296,14,14.48076127,4.307692308,14.62600689,4.011466742,1.063913469,0.274,1
Bayern,Neumarkt in der Oberpfalz,133561,99.33018235,369,276.2782549,15,11.23082337,4.06504065,14.52960369,3.495600001,-1.615516744,0.106,2
Bayern,Neustadt an der Aisch-Bad Windsheim,100364,79.16467128,243,242.118688,6,5.978239209,2.469135802,13.67513934,4.653333351,-0.052374124,0.988,2
Bayern,Neustadt an der Waldnaab,94352,66.06880997,808,856.3676446,69,73.13040529,8.53960396,14.58646447,2.693019586,1.381264193,0.166,1
Bayern,Nürnberg,518365,2762.351393,1048,202.1741437,39,7.523656111,3.721374046,16.17060616,5.048000018,-1.994389777,0.036,2
Bayern,Nürnberger Land,170365,213.5551174,623,365.6854401,44,25.82690107,7.062600321,14.54664228,4.053866649,1.325423167,0.204,1
Bayern,Oberallgäu,155362,101.6470815,173,111.3528405,7,4.505606262,4.046242775,9.309447219,1.755875014,4.478113703,0.002,3
Bayern,Ostallgäu,140316,100.6960074,502,357.7639043,34,24.23102141,6.772908367,9.868417859,2.156124987,-5.001081673,0.002,4
Bayern,Passau,192043,125.5416722,564,293.684227,23,11.97648443,4.078014184,14.85131297,2.969814844,-1.788246317,0.064,2
Bayern,Passau (Kreisfreie Stadt),52469,746.7982382,130,247.7653472,18,34.30597114,13.84615385,17.35878177,3.237197482,0.614446013,0.536,1
Bayern,Pfaffenhofen an der Ilm,127151,167.1088471,367,288.6331999,19,14.94286321,5.177111717,14.71242331,4.172500074,1.405038887,0.168,1
Bayern,Regen,77656,79.66031953,195,251.1074482,11,14.16503554,5.641025641,14.08658687,2.163818186,1.191926269,0.208,1
Bayern,Regensburg,193572,138.9364594,467,241.2539004,15,7.749054615,3.211991435,15.24460095,3.681882339,-2.570721611,0.02,2
Bayern,Regensburg (Kreisfreie Stadt),152610,1915.385575,620,406.2643339,9,5.897385492,1.451612903,17.72169053,3.873922393,-0.862466462,0.362,2
Bayern,Rhön-Grabfeld,79690,78.00310624,192,240.9336178,6,7.529175555,3.125,13.83113762,3.193466663,0.610517476,0.548,3
Bayern,Rosenheim,260983,181.13752,2255,864.0409529,183,70.1195097,8.115299335,11.49288583,3.536037021,-2.100452155,0.036,4
Bayern,Rosenheim (Kreisfreie Stadt),63324,1738.107062,506,799.0651254,24,37.90032215,4.743083004,14.18646622,3.962419519,-1.680427857,0.098,4
Bayern,Roth,126958,141.8429832,290,228.4219978,7,5.51363443,2.413793103,14.48490942,3.589611153,-1.243400561,0.224,2
Bayern,Rottal-Inn,120659,94.18930536,730,605.0108156,45,37.29518726,6.164383562,14.93911131,3.011380962,1.427595986,0.154,1
Bayern,Schwabach,40792,1001.988938,77,188.7625025,2,4.902922142,2.597402597,15.30988185,4.688131935,-1.340661196,0.18,2
Bayern,Schwandorf,147189,100.5060478,498,338.340501,17,11.54977614,3.413654618,15.09328846,2.695019596,-1.279816062,0.204,2
Bayern,Schweinfurt,115106,136.7837761,495,430.0383994,25,21.71911108,5.050505051,13.73860978,3.944466639,-0.016163774,0.994,4
Bayern,Schweinfurt (Kreisfreie Stadt),54032,1523.301017,171,316.4791235,18,33.31359195,10.52631579,15.67134499,4.084202667,-0.132833246,0.88,4
Bayern,Starnberg,136092,279.5352322,516,379.1552773,12,8.817564589,2.325581395,12.42040273,3.539733362,2.9282895,0.006,3
Bayern,Straubing,47794,708.2880898,420,878.7713939,45,94.15407792,10.71428571,17.69549777,3.772185834,0.846297081,0.374,1
Bayern,Straubing-Bogen,100649,83.79433132,539,535.5244463,28,27.81945176,5.194805195,15.18925274,3.499647042,2.51983395,0.012,1
Bayern,Tirschenreuth,72504,66.85151705,1136,1566.810107,136,187.5758579,11.97183099,14.16929177,3.195589726,0.305103873,0.78,1
Bayern,Traunstein,177089,115.5068529,1288,727.3179023,86,48.56315186,6.677018634,11.39572131,2.866444442,-2.180521816,0.024,4
Bayern,Unterallgäu,144041,117.1232448,271,188.1408766,14,9.719454877,5.166051661,11.59519822,3.100208342,-4.279745375,0.002,4
Bayern,W�rzburg (Kreisfreie Stadt),127880,1456.861204,465,363.6221458,49,38.31717235,10.53763441,15.56890394,4.476186997,-0.15331177,0.816,4
Bayern,Weiden in der Oberpfalz,42520,602.2279084,319,750.2351834,20,47.03668862,6.269592476,16.10761474,2.800999999,0.444917907,0.61,1
Bayern,Weilheim-Schongau,135348,139.9115091,353,260.8091734,3,2.216508556,0.849858357,10.53493849,1.978476175,4.702752603,0.002,3
Bayern,Weißenburg-Gunzenhausen,94393,97.27754916,320,339.0081892,19,20.12861123,5.9375,13.89196885,3.227575779,0.250875722,0.816,1
Bayern,Wunsiedel im Fichtelgebirge,73178,120.7169305,647,884.1455082,39,53.29470606,6.027820711,13.9851612,3.04825002,0.212348616,0.844,1
Bayern,Würzburg,161834,167.3319933,409,252.7281041,9,5.561254125,2.200488998,13.66907731,4.194047655,-0.057527046,0.948,2
Berlin,Berlin,3644826,4086.758291,6666,182.889389,193,5.295177328,2.895289529,16.82024015,5.244666723,-4.810891483,0.002,2
Brandenburg,Barnim,182760,123.4119429,407,222.6964325,29,15.86780477,7.125307125,16.35591306,3.109266639,3.145588554,0.002,1
Brandenburg,Brandenburg an der Havel,72124,314.5320964,61,84.57656259,0,0,0,15.73599716,3.205333312,-1.432467498,0.146,2
Brandenburg,Cottbus,100219,607.1427108,39,38.91477664,0,0,0,17.23416041,4.099555572,-2.009214026,0.054,2
Brandenburg,Dahme-Spreewald,169067,74.2807595,241,142.5470376,8,4.731851869,3.319502075,16.8695001,3.522516143,-4.701150782,0.002,2
Brandenburg,Elbe-Elster,102638,54.01287918,76,74.04664939,3,2.922894055,3.947368421,16.40163794,3.971444478,-4.325960739,0.002,2
Brandenburg,Frankfurt (Oder),57873,391.4778446,29,50.10972301,0,0,0,17.16110198,4.430666685,-3.129668901,0.002,2
Brandenburg,Havelland,161909,93.72874928,171,105.6148824,6,3.705785349,3.50877193,15.1769169,3.513884088,-3.0200665,0.008,2
Brandenburg,Märkisch-Oderland,194328,90.06534077,224,115.2690297,4,2.05837553,1.785714286,17.06095847,3.743851838,-3.848558429,0.002,2
Brandenburg,Oberhavel,211249,116.8369683,311,147.2196318,7,3.313625153,2.250803859,15.6987881,3.509027759,-2.705995148,0.004,2
Brandenburg,Oberspreewald-Lausitz,110476,90.33439464,49,44.35352475,2,1.810347949,4.081632653,16.76421782,3.843688901,-4.206397599,0.002,2
Brandenburg,Oder-Spree,178658,79.14914266,129,72.20499502,2,1.119457287,1.550387597,17.29045643,4.512100978,-4.606226597,0.002,2
Brandenburg,Ostprignitz-Ruppin,99078,39.22450392,82,82.76307556,0,0,0,15.0058807,3.079037057,-1.580110296,0.122,2
Brandenburg,Potsdam,178089,951.7436433,618,347.0175025,48,26.95281573,7.766990291,16.34711062,4.906888803,2.108871844,0.028,1
Brandenburg,Potsdam-Mittelmark,214664,82.78839171,536,249.6925428,32,14.90701748,5.970149254,15.59928047,3.475352389,3.74166352,0.002,1
Brandenburg,Prignitz,76508,35.77049419,25,32.67632143,0,0,0,14.67074309,3.108277773,-0.767647144,0.42,2
Brandenburg,Spree-Neiße,114429,69.04944648,63,55.05597357,0,0,0,17.08193096,3.880700004,-5.51920854,0.002,2
Brandenburg,Teltow-Fläming,168296,80.0014977,148,87.94029567,11,6.536103057,7.432432432,16.29493135,3.395487189,3.579626291,0.002,1
Brandenburg,Uckermark,119552,38.86841597,36,30.1124197,2,1.672912206,5.555555556,15.83037634,3.02644999,1.887746969,0.058,1
Bremen,Bremen,569352,1747.90327,1227,215.5081566,38,6.67425424,3.096984515,14.46132302,4.883199978,0.604653019,0.572,3
Bremen,Bremerhaven,113634,1534.125703,86,75.68157418,4,3.520073218,4.651162791,13.88702811,5.067376977,-0.581225111,0.528,4
Hamburg,Hamburg,1841179,2500.31042,5071,275.4213469,242,13.14375191,4.772234273,14.36860583,5.036969705,-0.984654868,0.322,4
Hessen,Bergstraße,269694,375.0525733,349,129.4059193,3,1.112371799,0.859598854,13.46891702,6.689333333,-0.374373885,0.736,2
Hessen,Darmstadt,159207,1293.55482,222,139.441105,18,11.30603554,8.108108108,14.67905338,7.272126371,0.660976043,0.492,1
Hessen,Darmstadt-Dieburg,297399,451.9834317,412,138.5344268,18,6.052474958,4.368932039,14.2752702,6.447200012,0.049474192,0.976,1
Hessen,Frankfurt am Main,753056,3033.775367,1562,207.4214932,60,7.967534951,3.841229193,15.80027162,7.222333431,-0.897379542,0.348,2
Hessen,Fulda,222584,161.1082561,315,141.5196061,12,5.391223089,3.80952381,13.63902484,3.505058822,0.660209801,0.504,3
Hessen,Gießen,268876,314.3206537,240,89.26047695,3,1.115755962,1.25,14.14722828,4.231833319,0.174877798,0.862,3
Hessen,Groß-Gerau,274526,605.6941246,511,186.1390178,12,4.371170672,2.348336595,14.92992613,7.754555543,-0.76553691,0.458,2
Hessen,Hersfeld-Rotenburg,120829,110.0594718,205,169.6612568,22,18.20754951,10.73170732,13.51507195,3.536512833,-0.446000918,0.642,4
Hessen,Hochtaunuskreis,236564,491.9971769,265,112.0204258,5,2.113592939,1.886792453,13.62032666,6.472333352,-0.300328894,0.752,2
Hessen,Kassel,236633,182.6774999,376,158.8958429,28,11.83266915,7.446808511,13.73768321,4.428196066,-0.115475024,0.868,4
Hessen,Kassel (Kreisfreie Stadt),201585,1929.547644,317,157.2537639,9,4.464617903,2.839116719,15.14636954,4.713212483,0.170282383,0.838,3
Hessen,Lahn-Dill-Kreis,253777,238.2486128,343,135.1580324,17,6.698794611,4.956268222,13.65964395,4.485888879,-0.508245366,0.6,4
Hessen,Limburg-Weilburg,172083,232.8271077,289,167.9422139,6,3.486689563,2.076124567,13.79836157,5.967481507,1.154920206,0.24,3
Hessen,Main-Kinzig-Kreis,418950,299.9075464,730,174.2451367,42,10.02506266,5.753424658,13.61706738,4.528624952,0.536239712,0.6,1
Hessen,Main-Taunus-Kreis,237735,1073.034552,330,138.8100196,13,5.468273498,3.939393939,14.47402497,7.3446666,-0.545418874,0.58,2
Hessen,Marburg-Biedenkopf,246648,195.429251,195,79.06003698,3,1.216308261,1.538461538,13.86683363,4.00259259,0.572486928,0.57,3
Hessen,Odenwaldkreis,96798,154.902387,403,416.3309159,61,63.01783095,15.13647643,12.98500305,4.575238092,-0.478252985,0.62,4
Hessen,Offenbach,354092,994.1975882,613,173.1188505,37,10.44926177,6.03588907,14.99345058,6.945833206,1.212932699,0.222,1
Hessen,Offenbach am Main,128744,2838.921783,157,121.9474306,9,6.990617038,5.732484076,15.69669937,7.125524098,0.972700358,0.354,1
Hessen,Rheingau-Taunus-Kreis,187157,230.469961,236,126.0973407,5,2.671553829,2.118644068,12.8310671,6.833055576,0.33670294,0.736,3
Hessen,Schwalm-Eder-Kreis,180222,117.0664633,515,285.7586754,34,18.86562129,6.601941748,13.67418114,4.023587284,-0.588825635,0.578,4
Hessen,Vogelsbergkreis,105878,72.60906649,121,114.2824761,5,4.722416366,4.132231405,13.57079759,3.433833325,0.227226808,0.838,3
Hessen,Waldeck-Frankenberg,156953,84.93722694,163,103.8527457,3,1.911400228,1.840490798,13.37360652,3.755523784,0.600559843,0.532,3
Hessen,Werra-Meißner-Kreis,101017,98.60020707,206,203.9260718,16,15.8389182,7.766990291,13.64037487,3.827384637,-0.385966857,0.724,4
Hessen,Wetteraukreis,306460,278.3938719,312,101.80774,12,3.915682308,3.846153846,14.14736841,4.661733341,-0.216953631,0.808,2
Hessen,Wiesbaden,278342,1365.538087,427,153.4083969,13,4.670513253,3.044496487,14.23591331,7.68200016,-0.233606454,0.798,2
Mecklenburg-Vorpommern,Ludwigslust-Parchim,212618,44.59573578,80,37.62616524,2,0.940654131,2.5,14.08305577,3.458766176,-0.519255058,0.59,2
Mecklenburg-Vorpommern,Mecklenburgische Seenplatte,259130,47.15025898,120,46.30880253,3,1.157720063,2.5,14.9094511,2.706296295,-1.33778751,0.178,2
Mecklenburg-Vorpommern,Nordwestmecklenburg,156729,73.75627167,79,50.40547697,1,0.638044012,1.265822785,13.75452332,3.177654337,0.092366495,0.954,3
Mecklenburg-Vorpommern,Rostock,215113,62.71563945,75,34.86539633,3,1.394615853,4,13.84919533,2.856397152,-0.373402568,0.718,2
Mecklenburg-Vorpommern,Rostock (Kreisfreie Stadt),208886,1195.912513,99,47.39427247,2,0.95746005,2.02020202,14.51379685,2.744333386,0.034326299,0.984,3
Mecklenburg-Vorpommern,Schwerin,95818,736.6295294,90,93.92807197,0,0,0,13.98746128,2.880000035,0.015096261,0.99,3
Mecklenburg-Vorpommern,Vorpommern-Greifswald,236697,57.90008921,137,57.87990553,7,2.957367436,5.109489051,14.58473815,2.941287349,1.040698187,0.306,1
Mecklenburg-Vorpommern,Vorpommern-Rügen,224684,70.98291717,80,35.60556159,2,0.89013904,2.5,13.80001812,2.398382981,-0.548608047,0.61,2
Niedersachsen,Ammerland,124071,170.0301488,172,138.6303004,5,4.029950593,2.906976744,12.8943324,5.727629609,1.133124878,0.248,3
Niedersachsen,Aurich,189848,147.2091603,97,51.09350638,8,4.213897434,8.24742268,12.25091863,3.598333329,-1.46320187,0.142,4
Niedersachsen,Braunschweig,248292,1291.457498,326,131.2970212,15,6.041273984,4.601226994,15.14462418,5.032999992,0.2484291,0.77,1
Niedersachsen,Celle,178936,115.4464227,193,107.8597934,13,7.265167434,6.735751295,13.53991143,4.527966702,-0.483324729,0.59,4
Niedersachsen,Cloppenburg,169348,119.1634564,121,71.45050429,0,0,0,13.35396817,4.777933371,0.926317194,0.346,3
Niedersachsen,Cuxhaven,198213,96.29660993,203,102.4150787,19,9.585647763,9.359605911,12.80512767,4.247833346,-0.777841342,0.456,4
Niedersachsen,Delmenhorst,77607,1243.267633,61,78.60115711,2,2.577087118,3.278688525,13.51889663,5.6748025,0.330136326,0.728,3
Niedersachsen,Diepholz,216886,108.9503291,357,164.6026023,25,11.52679288,7.00280112,13.8091068,4.83253844,-0.118362527,0.912,4
Niedersachsen,Emden,50195,446.2707082,19,37.85237573,0,0,0,12.93827118,4.015111208,1.358625624,0.184,3
Niedersachsen,Emsland,325657,112.9243185,439,134.8044108,24,7.369717218,5.466970387,13.4135209,4.870925917,-0.474648124,0.61,4
Niedersachsen,Friesland,98460,158.2265446,33,33.51614869,1,1.015640869,3.03030303,12.79421618,4.58766669,1.417217302,0.156,3
Niedersachsen,Gifhorn,175920,112.0982768,126,71.62346521,4,2.2737608,3.174603175,13.75379019,4.481936512,-0.446074638,0.662,2
Niedersachsen,Goslar,137014,141.3942785,253,184.6526632,23,16.78660575,9.090909091,13.55582187,3.403128202,-0.024746576,0.974,4
Niedersachsen,Grafschaft Bentheim,136511,139.0086461,237,173.6123829,18,13.1857506,7.594936709,13.81193198,6.103400087,0.321563872,0.764,1
Niedersachsen,Hameln-Pyrmont,148559,186.1617667,122,82.12225446,7,4.711932633,5.737704918,13.65114003,4.4649697,-0.314341685,0.762,4
Niedersachsen,Harburg,252776,202.3956098,528,208.8805899,13,5.142893313,2.462121212,13.56247767,4.53604455,0.482913995,0.62,3
Niedersachsen,Heidekreis,139755,74.25640798,72,51.5187292,2,1.431075811,2.777777778,13.37677627,4.122453346,0.47846203,0.626,3
Niedersachsen,Helmstedt,91307,135.1434571,138,151.1384669,1,1.095206282,0.724637681,14.14258373,4.287133265,-0.546613539,0.588,2
Niedersachsen,Hildesheim,276594,229.0353186,392,141.7239709,5,1.80770371,1.275510204,13.70729718,4.309288867,0.092692877,0.936,3
Niedersachsen,Holzminden,70975,102.1943246,101,142.303628,7,9.862627686,6.930693069,13.69421287,3.844416648,-0.303337522,0.766,4
Niedersachsen,Leer,169809,155.81055,120,70.66763246,3,1.766690811,2.5,12.71030957,4.730375081,1.998586521,0.042,3
Niedersachsen,Lüchow-Dannenberg,48424,39.48298717,19,39.23674211,3,6.19527507,15.78947368,14.08946088,3.932823546,0.397839319,0.692,1
Niedersachsen,Lüneburg,183372,138.1769631,168,91.61704077,0,0,0,13.72989934,4.187925895,0.354637736,0.728,3
Niedersachsen,Nienburg (Weser),121386,86.62204744,72,59.31491276,4,3.295272931,5.555555556,13.80487972,5.198627416,-0.330040952,0.756,4
Niedersachsen,Northeim,132765,104.5564627,122,91.89168832,3,2.25963168,2.459016393,13.77294737,3.771725486,0.392966328,0.726,3
Niedersachsen,Oldenburg,130144,122.1842461,223,171.3486599,13,9.988935333,5.829596413,13.42692848,4.952476127,-0.743231824,0.466,4
Niedersachsen,Oldenburg (Kreisfreie Stadt),168210,1622.174074,169,100.469651,1,0.594494977,0.591715976,13.78819657,5.75031277,0.946081376,0.352,3
Niedersachsen,Osnabr�ck (Kreisfreie Stadt),164748,1370.027426,477,289.5331051,13,7.890839343,2.725366876,14.50198185,6.242351539,-0.181435172,0.822,2
Niedersachsen,Osnabrück,357343,168.4242051,1190,333.0133793,59,16.51074738,4.957983193,14.0177406,5.68083334,0.246277407,0.818,1
Niedersachsen,Osterholz,113517,173.7812085,109,96.02086031,0,0,0,13.22789592,4.425555627,0.658679733,0.512,3
Niedersachsen,Peine,133965,249.7762452,144,107.4907625,11,8.211099914,7.638888889,14.17809871,4.893047673,0.391555504,0.73,1
Niedersachsen,Region Hannover,1157624,503.8656612,2297,198.4236678,101,8.724767282,4.397039617,13.79881088,5.139264386,-0.41541442,0.672,4
Niedersachsen,Rotenburg (Wümme),163455,78.81842675,109,66.68502034,2,1.223578355,1.834862385,13.43131258,4.106428572,0.977567648,0.346,3
Niedersachsen,Salzgitter,104948,466.5704799,141,134.3522506,8,7.622822731,5.673758865,14.70035804,4.466500044,0.1845813,0.836,1
Niedersachsen,Schaumburg,157781,233.3198664,162,102.6739595,8,5.070318986,4.938271605,13.73468793,5.26725928,-0.192496048,0.87,4
Niedersachsen,Stade,203102,168.0584402,218,107.3352306,8,3.938907544,3.669724771,13.43361878,4.719568645,0.727904407,0.46,3
Niedersachsen,Uelzen,92572,63.30262778,43,46.45033055,0,0,0,13.55459853,3.641121203,0.260760166,0.812,3
Niedersachsen,Vechta,141598,174.0708305,324,228.8167912,10,7.062246642,3.086419753,14.04741722,4.894055565,0.34806274,0.724,3
Niedersachsen,Verden,136792,173.3086147,155,113.3107199,2,1.462073805,1.290322581,13.65900198,4.658848502,0.39902176,0.678,3
Niedersachsen,Wesermarsch,88624,106.495335,61,68.83011374,1,1.12836252,1.639344262,13.19108696,5.201666673,1.045127801,0.296,3
Niedersachsen,Wilhelmshaven,76278,730.6606817,26,34.08584389,1,1.310993996,3.846153846,13.86289661,4.240333319,0.774173589,0.366,3
Niedersachsen,Wittmund,56882,87.42367685,37,65.04693928,0,0,0,12.27545432,4.016814762,1.541533656,0.128,3
Niedersachsen,Wolfenbüttel,119960,165.6088765,187,155.8852951,13,10.83694565,6.951871658,13.8557507,4.224888881,0.410381503,0.684,1
Niedersachsen,Wolfsburg,124151,605.6658279,294,236.8084027,51,41.07900863,17.34693878,14.66294188,4.333555539,0.038264894,0.948,4
Niedersachsen,Osterode am Harz - Göttingen,328084,186.9618297,808,246.2783921,71,21.64079931,8.787128713,13.64165817,3.57628982,-0.131655866,0.886,4
Nordrhein-Westfalen,Bielefeld,333786,1288.411684,415,124.3311583,4,1.19837261,0.963855422,14.16354264,6.652666688,-0.138590003,0.936,2
Nordrhein-Westfalen,Bochum,364628,2519.534709,501,137.4003094,18,4.936538061,3.592814371,15.29241,11.28133297,-2.507808512,0.02,2
Nordrhein-Westfalen,Bonn,327258,2309.317381,718,219.3987618,8,2.444554449,1.114206128,14.46393021,7.0851113,1.171524604,0.224,3
Nordrhein-Westfalen,Borken,370676,260.8099738,1056,284.884913,38,10.25154043,3.598484848,14.94348882,7.373999997,-1.494901046,0.14,2
Nordrhein-Westfalen,Bottrop,117383,1170.746206,194,165.2709506,6,5.1114727,3.092783505,15.65711348,10.68018104,-1.843924504,0.062,2
Nordrhein-Westfalen,Coesfeld,219929,197.7393217,858,390.1259043,24,10.91261271,2.797202797,14.91034533,7.949128188,-1.629360947,0.094,2
Nordrhein-Westfalen,Dortmund,587010,2098.80646,729,124.188685,6,1.022129095,0.823045267,15.64033624,9.720222155,-1.374804375,0.152,2
Nordrhein-Westfalen,Duisburg,498590,2138.813179,1133,227.2408191,53,10.62997653,4.677846425,15.99226111,11.33967684,2.51663966,0.01,1
Nordrhein-Westfalen,Düren,263722,280.4831396,591,224.0996201,38,14.40911263,6.429780034,13.66139022,7.30622224,-0.086234934,0.918,4
Nordrhein-Westfalen,Düsseldorf,619294,2846.417258,1383,223.3188114,30,4.844225844,2.169197397,15.63218697,11.85911147,-1.478103935,0.152,2
Nordrhein-Westfalen,Ennepe-Ruhr-Kreis,324296,788.9945783,425,131.053112,14,4.317043688,3.294117647,13.98559088,8.72213316,-1.040941623,0.304,2
Nordrhein-Westfalen,Essen,583109,2770.472634,832,142.6834434,36,6.17380284,4.326923077,15.38184981,11.76166677,2.543314101,0.002,1
Nordrhein-Westfalen,Euskirchen,192840,154.2353856,458,237.5025928,21,10.88985688,4.585152838,12.07768995,4.73028573,-1.94008183,0.06,4
Nordrhein-Westfalen,Gelsenkirchen,260654,2473.308328,395,151.5418908,14,5.37110499,3.544303797,16.29905334,10.93858045,-2.176903087,0.026,2
Nordrhein-Westfalen,Gütersloh,364083,375.5394404,639,175.5094305,19,5.218590267,2.973395931,14.11201999,6.793555538,-0.299383794,0.754,2
Nordrhein-Westfalen,Hagen,188814,1177.277156,327,173.1863103,13,6.885082674,3.975535168,14.51898316,7.964333057,-0.674773798,0.488,2
Nordrhein-Westfalen,Hamm,179111,786.8391487,472,263.5237367,36,20.09926805,7.627118644,15.18754684,8.402000189,0.916949641,0.396,1
Nordrhein-Westfalen,Heinsberg,254322,405.3328824,1872,736.0747399,70,27.52416228,3.739316239,14.66134256,9.706083536,-0.676139675,0.496,2
Nordrhein-Westfalen,Herford,250783,556.3676501,331,131.9866179,7,2.791257781,2.114803625,14.25662802,6.005809511,-0.117034481,0.906,2
Nordrhein-Westfalen,Herne,156374,3036.457899,190,121.5035748,2,1.278984998,1.052631579,16.24628244,11.18100023,-1.966181035,0.046,2
Nordrhein-Westfalen,Hochsauerlandkreis,260475,132.9232158,607,233.0358,17,6.526538055,2.800658979,13.30035212,3.778790138,0.761369088,0.456,3
Nordrhein-Westfalen,Höxter,140667,117.1499224,351,249.5254751,18,12.79617821,5.128205128,13.79859784,4.358148204,-0.545901933,0.598,4
Nordrhein-Westfalen,Kleve,310974,252.1336679,659,211.9148225,35,11.25496022,5.31107739,15.25785853,8.680500031,1.356530119,0.17,1
Nordrhein-Westfalen,Köln,1085664,2669.589231,2463,226.8657706,96,8.842514811,3.897685749,15.36664281,9.75106678,-0.563030085,0.544,2
Nordrhein-Westfalen,Krefeld,227020,1660.708952,618,272.2227117,22,9.690776143,3.55987055,15.84793993,10.86733341,-1.885178305,0.064,2
Nordrhein-Westfalen,Leverkusen,163838,2079.023984,239,145.8758041,5,3.051795066,2.092050209,14.80025552,10.52833366,-0.576827735,0.56,2
Nordrhein-Westfalen,Lippe,348391,279.6399866,741,212.6920615,29,8.323980815,3.913630229,13.7466538,5.227600002,0.024089005,0.956,3
Nordrhein-Westfalen,Märkischer Kreis,412120,388.4386438,596,144.6180724,29,7.036785402,4.865771812,13.34813947,6.198923074,-0.159711307,0.884,4
Nordrhein-Westfalen,Mettmann,485684,1190.969117,934,192.3061085,78,16.05982491,8.35117773,14.72133067,11.0792222,2.000460214,0.058,1
Nordrhein-Westfalen,Minden-Lübbecke,310710,269.7260914,482,155.1285765,9,2.896591677,1.867219917,14.17605956,5.205599976,0.085919081,0.896,3
Nordrhein-Westfalen,Mönchengladbach,261454,1531.101832,605,231.3982574,39,14.91658188,6.446280992,15.12698871,10.6746664,1.185680903,0.228,1
Nordrhein-Westfalen,Mülheim an der Ruhr,170880,1872.758919,200,117.0411985,9,5.266853933,4.5,15.16169838,11.76813883,1.960293909,0.054,1
Nordrhein-Westfalen,Münster,314319,1035.475414,708,225.2488714,13,4.135925604,1.836158192,14.89853801,6.433333158,-0.671281276,0.484,2
Nordrhein-Westfalen,Oberbergischer Kreis,272471,296.7245052,486,178.3676061,17,6.239196098,3.497942387,12.99003359,5.774666639,0.765811018,0.442,3
Nordrhein-Westfalen,Oberhausen,210829,2720.609329,259,122.8483747,9,4.268862443,3.474903475,15.55608725,11.25717692,-2.342712551,0.014,2
Nordrhein-Westfalen,Olpe,134775,189.3484863,624,462.9938787,53,39.32480059,8.493589744,13.09912958,3.760148181,-1.248699505,0.23,4
Nordrhein-Westfalen,Paderborn,306890,246.1362288,633,206.2628303,33,10.75303855,5.213270142,13.75832412,5.035374999,-0.127691225,0.916,4
Nordrhein-Westfalen,Recklinghausen,615261,808.1036934,1263,205.2787354,38,6.176240652,3.008709422,15.42978214,9.53239994,-3.251210153,0.004,2
Nordrhein-Westfalen,Remscheid,110994,1499.263863,236,212.6241058,17,15.31614321,7.203389831,14.12432131,8.906850098,-0.318041639,0.726,4
Nordrhein-Westfalen,Rhein-Erft-Kreis,470089,668.6927034,1083,230.3819064,75,15.95442565,6.925207756,14.61241057,9.093166649,-0.009416128,0.988,4
Nordrhein-Westfalen,Rhein-Kreis Neuss,451007,781.8957428,682,151.2171651,20,4.434520972,2.93255132,15.20586692,11.43399988,-2.309886565,0.026,2
Nordrhein-Westfalen,Rhein-Sieg-Kreis,599780,520.6053996,1418,236.4200207,48,8.002934409,3.385049365,13.32328115,6.660190514,1.054621808,0.298,3
Nordrhein-Westfalen,Rheinisch-Bergischer Kreis,283455,646.8802804,462,162.9888342,20,7.055793689,4.329004329,13.33495638,8.317555666,0.527593977,0.578,1
Nordrhein-Westfalen,Siegen-Wittgenstein,278210,245.280924,314,112.864383,8,2.875525682,2.547770701,13.19661578,3.406285729,1.168275177,0.264,3
Nordrhein-Westfalen,Soest,301902,227.0544958,361,119.5752264,8,2.649866513,2.216066482,14.19016893,6.014035125,-0.425123774,0.684,2
Nordrhein-Westfalen,Solingen,159360,1790.582466,245,153.7399598,8,5.020080321,3.265306122,14.4542763,10.05346966,-0.17088499,0.856,2
Nordrhein-Westfalen,Städteregion Aachen,555465,783.0027605,1960,352.8575158,91,16.38267038,4.642857143,12.97529916,6.190399981,-0.510707217,0.62,4
Nordrhein-Westfalen,Steinfurt,447614,249.3030827,1327,296.4607899,81,18.09594874,6.103993971,14.31003303,6.469025667,0.823450854,0.382,1
Nordrhein-Westfalen,Unna,394782,727.3670649,671,169.9672224,34,8.612348081,5.067064083,15.06135816,9.250222524,1.434518178,0.152,1
Nordrhein-Westfalen,Viersen,298935,530.4717571,703,235.1681804,35,11.70823089,4.978662873,15.07143376,10.32241666,2.075630331,0.04,1
Nordrhein-Westfalen,Warendorf,277783,210.6494217,485,174.5967176,19,6.83987141,3.917525773,14.60553567,6.765122815,-0.995029212,0.326,2
Nordrhein-Westfalen,Wesel,459809,441.092287,607,132.0113351,26,5.654521769,4.283360791,15.29481464,9.793897482,-2.73727957,0.006,2
Nordrhein-Westfalen,Wuppertal,354382,2104.174433,919,259.3246835,81,22.85669137,8.813928183,14.07865898,9.881999969,0.171607339,0.912,1
Rheinland-Pfalz,Ahrweiler,129727,164.8458039,185,142.6071674,1,0.770849553,0.540540541,12.10582386,5.380787849,1.751010266,0.08,3
Rheinland-Pfalz,Altenkirchen (Westerwald),128705,200.7132794,163,126.6462064,11,8.546676508,6.748466258,12.7916189,4.757111073,-1.515685788,0.116,4
Rheinland-Pfalz,Alzey-Worms,129244,219.8041217,265,205.0385318,11,8.511033394,4.150943396,13.24191033,7.657500029,0.777300861,0.428,3
Rheinland-Pfalz,Bad Dürkheim,132660,223.3319389,324,244.2333786,12,9.045680687,3.703703704,13.03831837,6.797083378,1.905050427,0.05,3
Rheinland-Pfalz,Bad Kreuznach,158080,182.9474817,196,123.9878543,7,4.428137652,3.571428571,12.52501823,6.658969619,2.271948565,0.038,3
Rheinland-Pfalz,Bernkastel-Wittlich,112262,96.02777043,154,137.1790989,2,1.781546739,1.298701299,11.61735198,4.330000051,3.49869914,0.002,3
Rheinland-Pfalz,Birkenfeld,80720,103.8633941,89,110.2576809,2,2.477700694,2.247191011,11.80123807,4.453416616,3.259057315,0.004,3
Rheinland-Pfalz,Cochem-Zell,61587,88.86493212,128,207.8360693,1,1.623719291,0.78125,11.90805883,4.873916626,2.591992215,0.018,3
Rheinland-Pfalz,Donnersbergkreis,75101,116.5028468,135,179.757926,6,7.989241155,4.444444444,12.61735918,6.613185194,-1.815916214,0.082,4
Rheinland-Pfalz,Eifelkreis Bitburg-Prüm,98561,60.54667797,184,186.6864175,4,4.058400381,2.173913043,11.32984084,3.519133329,2.860326121,0.006,3
Rheinland-Pfalz,Frankenthal (Pfalz),48561,1109.225841,43,88.54842363,2,4.118531332,4.651162791,15.26070782,7.901353626,1.270328271,0.196,1
Rheinland-Pfalz,Germersheim,129075,278.5541058,148,114.6620182,5,3.873716831,3.378378378,12.92711689,7.303200054,1.275756511,0.19,3
Rheinland-Pfalz,Kaiserslautern,106057,165.5349641,102,96.17469851,0,0,0,12.36905185,4.863000035,2.318441494,0.022,3
Rheinland-Pfalz,Kaiserslautern (Kreisfreie Stadt),99845,712.0205835,167,167.2592518,4,4.006209625,2.395209581,12.98369631,5.125,1.178402812,0.244,3
Rheinland-Pfalz,Koblenz,114024,1075.469617,263,230.6531958,18,15.78615028,6.844106464,14.1620971,7.757333279,-1.198366624,0.228,4
Rheinland-Pfalz,Kusel,70526,123.0715359,90,127.6125117,1,1.417916797,1.111111111,12.18778092,4.762166679,3.118368346,0.004,3
Rheinland-Pfalz,Landau in der Pfalz,46677,561.9822285,56,119.9734345,2,4.284765516,3.571428571,13.0875506,7.366046633,1.773239361,0.106,3
Rheinland-Pfalz,Ludwigshafen am Rhein,171061,2197.573318,308,180.0527297,2,1.16917357,0.649350649,15.44027462,7.754946834,-1.186513139,0.23,2
Rheinland-Pfalz,Mainz,217118,2223.163398,585,269.4387384,26,11.97505504,4.444444444,14.94559965,7.790905227,0.279192176,0.766,1
Rheinland-Pfalz,Mainz-Bingen,210889,348.2882242,424,201.0536349,25,11.85457753,5.896226415,13.39484736,7.113237994,-0.909047197,0.368,4
Rheinland-Pfalz,Mayen-Koblenz,214259,262.3987691,340,158.6864496,14,6.534147924,4.117647059,12.90519155,6.690749943,2.734849995,0.01,3
Rheinland-Pfalz,Neustadt an der Weinstraße,53148,453.0097264,103,193.7984496,2,3.763076692,1.941747573,13.32119487,6.498666763,0.776757721,0.44,3
Rheinland-Pfalz,Neuwied,181941,289.8543145,211,115.9716611,4,2.198514903,1.895734597,12.64865309,6.836833417,1.690882183,0.086,3
Rheinland-Pfalz,Pirmasens,40403,657.3832989,31,76.72697572,0,0,0,12.5687767,4.653265192,1.37298126,0.188,3
Rheinland-Pfalz,Rhein-Hunsrück-Kreis,102937,103.8491458,163,158.3492816,6,5.828807912,3.680981595,12.19566837,5.550358956,2.524215229,0.012,3
Rheinland-Pfalz,Rhein-Lahn-Kreis,122308,156.5011692,158,129.182065,6,4.905648036,3.797468354,12.92644844,6.629533339,1.385960647,0.162,3
Rheinland-Pfalz,Rhein-Pfalz-Kreis,154201,506.2536548,234,151.7499887,5,3.242521125,2.136752137,14.36632139,7.681666613,0.14121789,0.878,3
Rheinland-Pfalz,Speyer,50378,1176.938707,85,168.7244432,1,1.98499345,1.176470588,14.91360475,7.610798368,0.409121472,0.642,3
Rheinland-Pfalz,Südliche Weinstraße,110356,172.5958744,151,136.829896,3,2.718474754,1.986754967,12.31569551,7.278444449,1.339722343,0.182,3
Rheinland-Pfalz,Südwestpfalz,95113,99.66287078,106,111.4463848,3,3.154142967,2.830188679,11.82152907,5.047055602,2.266046627,0.026,3
Rheinland-Pfalz,Trier,110636,953.0746161,102,92.1942225,1,0.903864926,0.980392157,13.55233714,4.09307731,1.456893482,0.144,3
Rheinland-Pfalz,Trier-Saarburg,148945,134.8318217,196,131.5921985,8,5.371110141,4.081632653,11.76365859,4.034874991,3.370631295,0.002,3
Rheinland-Pfalz,Vulkaneifel,60603,66.47751223,118,194.7098328,5,8.250416646,4.237288136,11.57242214,3.525666614,3.257254793,0.002,3
Rheinland-Pfalz,Westerwaldkreis,201597,203.586365,356,176.5899294,21,10.41682168,5.898876404,12.82373646,5.887454466,-1.318319713,0.178,4
Rheinland-Pfalz,Worms,83330,766.0757969,211,253.2101284,7,8.400336013,3.317535545,14.50325077,7.582333326,0.562528463,0.546,3
Rheinland-Pfalz,Zweibrücken,34209,482.6827113,36,105.2354644,1,2.923207343,2.777777778,12.79712917,4.29864183,1.728014929,0.09,3
Saarland,Merzig-Wadern,103366,185.6758621,205,198.3244007,2,1.934872202,0.975609756,11.89073835,4.30433325,2.060321248,0.05,3
Saarland,Neunkirchen,132206,532.6996274,254,192.1244119,7,5.294767257,2.755905512,12.11652667,5.221666574,2.465049527,0.01,3
Saarland,Regionalverband Saarbrücken,329708,801.1221509,1261,382.4596309,108,32.75625705,8.564631245,12.70022486,5.203333378,-1.677611543,0.098,4
Saarland,Saarlouis,195201,425.2190637,546,279.7116818,23,11.78272652,4.212454212,12.75426819,5.2530001,2.433456352,0.02,3
Saarland,Saarpfalz-Kreis,142631,340.367505,296,207.5285176,15,10.51664785,5.067567568,12.36053141,4.293809482,-2.620814519,0.002,4
Saarland,St. Wendel,87397,183.4307899,165,188.7936657,5,5.721020172,3.03030303,11.68592307,4.523888906,3.014875785,0.004,3
Sachsen,Bautzen,300880,125.5988851,487,161.8585483,20,6.647168306,4.106776181,17.21951108,3.548098794,-5.727309597,0.002,2
Sachsen,Chemnitz,247237,1117.907741,203,82.10745155,6,2.426821228,2.955665025,16.33364331,4.842999935,-1.846757998,0.054,2
Sachsen,Dresden,554649,1691.139752,618,111.4218181,10,1.802942041,1.618122977,18.47349801,4.014000034,-3.554353067,0.002,2
Sachsen,Erzgebirgskreis,337696,184.814306,552,163.4606273,43,12.73334597,7.789855072,14.97511013,4.034222241,2.204846726,0.026,1
Sachsen,Görlitz,254894,120.7244449,268,105.1417452,22,8.631038785,8.208955224,18.09118933,3.480387126,3.073209749,0.006,1
Sachsen,Leipzig,257763,156.0731762,192,74.48702878,4,1.5518131,2.083333333,16.36845086,4.574984142,-3.481613248,0.004,2
Sachsen,Leipzig (Kreisfreie Stadt),587857,1965.835031,597,101.5553102,11,1.871203371,1.842546064,16.8985956,4.714000066,-2.312339699,0.014,2
Sachsen,Meißen,242165,166.1197026,232,95.80244874,19,7.845890199,8.189655172,17.16621462,4.08498247,5.304437186,0.002,1
Sachsen,Mittelsachsen,306185,144.8135854,257,83.93618237,7,2.28619952,2.723735409,16.19001827,4.47850667,-4.393969871,0.002,2
Sachsen,Nordsachsen,197673,97.50087889,141,71.32992366,0,0,0,16.58155892,4.161654322,-4.482185376,0.002,2
Sachsen,Sächsische Schweiz-Osterzgebirge,245611,148.5246183,383,155.9376412,3,1.221443665,0.783289817,16.83029361,4.006250024,-4.161150668,0.002,2
Sachsen,Vogtlandkreis,227796,161.2973055,456,200.1791076,15,6.584839067,3.289473684,14.39853211,3.072566676,-1.173115685,0.262,2
Sachsen,Zwickau,317531,334.4115166,858,270.2098378,48,15.11663428,5.594405594,15.77012883,4.333666702,2.462345164,0.014,1
Sachsen-Anhalt,Altmarkkreis Salzwedel,83765,36.35757796,33,39.39592909,1,1.193816033,3.03030303,14.31812121,3.54414583,-0.250237873,0.802,2
Sachsen-Anhalt,Anhalt-Bitterfeld,159854,109.4266554,72,45.0411,2,1.251141667,2.777777778,15.91215942,4.18913337,-3.193812131,0.004,2
Sachsen-Anhalt,Börde,171734,72.23376701,158,92.00274844,12,6.987550514,7.594936709,14.41134679,3.604555543,1.302511718,0.182,1
Sachsen-Anhalt,Burgenlandkreis,180190,126.9971328,114,63.26655197,2,1.109939508,1.754385965,15.37677546,4.198703713,-2.069257751,0.032,2
Sachsen-Anhalt,Dessau-Roßlau,81237,329.8927901,66,81.24376823,2,2.461932371,3.03030303,16.20790294,3.905111154,-2.053594157,0.054,2
Sachsen-Anhalt,Halle (Saale),239257,1762.415784,351,146.7041717,11,4.597566633,3.133903134,16.44569658,5.04911663,-0.901625291,0.32,2
Sachsen-Anhalt,Harz,214446,101.7369745,258,120.3100081,4,1.865271444,1.550387597,13.88867924,3.499724133,-0.412147508,0.658,2
Sachsen-Anhalt,Jerichower Land,89928,56.57835523,33,36.69602349,2,2.224001423,6.060606061,15.10617981,3.372280686,2.350800257,0.012,1
Sachsen-Anhalt,Magdeburg,238697,1190.532874,106,44.40776382,1,0.418941168,0.943396226,16.09270337,3.631999969,-1.07136141,0.276,2
Sachsen-Anhalt,Mansfeld-Südharz,136249,93.55804357,51,37.43146739,2,1.467900682,3.921568627,14.34863102,3.947929796,-0.626163431,0.538,2
Sachsen-Anhalt,Saalekreis,184582,128.1627589,128,69.34587338,7,3.79235245,5.46875,15.27707028,4.696982497,2.949065858,0.006,1
Sachsen-Anhalt,Salzlandkreis,190560,132.7975844,67,35.15952981,0,0,0,15.16163287,4.344222241,-1.94744641,0.068,2
Sachsen-Anhalt,Stendal,111982,45.95113154,107,95.55107071,6,5.358003965,5.607476636,14.79301058,2.769333355,1.253527621,0.226,1
Sachsen-Anhalt,Wittenberg,125840,64.76446626,154,122.3776224,3,2.383979657,1.948051948,16.22781747,3.701743603,-3.506409426,0.004,2
Schleswig-Holstein,Dithmarschen,133210,93.65829746,59,44.29096915,3,2.252083177,5.084745763,12.1338804,3.360245579,-2.70526382,0.014,4
Schleswig-Holstein,Flensburg,89504,1818.415199,39,43.57347158,2,2.234537004,5.128205128,11.29676696,2.348056419,-1.765411041,0.072,4
Schleswig-Holstein,Herzogtum Lauenburg,197264,156.1943028,266,134.8446752,16,8.110957904,6.015037594,13.7470347,4.388037059,-0.16374453,0.896,4
Schleswig-Holstein,Kiel,247548,2215.539364,278,112.3014526,9,3.635658539,3.237410072,12.91799427,3.800679062,1.15807555,0.232,3
Schleswig-Holstein,Lübeck,217198,1027.099033,167,76.88836914,1,0.460409396,0.598802395,13.79146116,3.865666628,0.393110268,0.666,3
Schleswig-Holstein,Neumünster,79487,1112.564299,79,99.3873212,2,2.516134714,2.53164557,12.98984213,4.570339881,1.363475513,0.154,3
Schleswig-Holstein,Nordfriesland,165507,76.17800519,85,51.3573444,1,0.604204052,1.176470588,10.96788075,2.713999995,2.126043124,0.058,3
Schleswig-Holstein,Ostholstein,200581,144.4136035,68,33.9015161,0,0,0,13.77891417,2.873824546,0.885063874,0.404,3
Schleswig-Holstein,Pinneberg,314391,492.9297426,599,190.5270825,43,13.67723631,7.178631052,13.11612864,5.14716661,-0.695468028,0.47,4
Schleswig-Holstein,Plön,128647,118.7661966,120,93.2785063,8,6.218567087,6.666666667,13.05494652,3.345952375,-1.460054585,0.134,4
Schleswig-Holstein,Rendsburg-Eckernförde,272775,125.737585,252,92.38383283,14,5.132435157,5.555555556,12.35031929,3.984473105,-2.39659709,0.018,4
Schleswig-Holstein,Schleswig-Flensburg,200025,104.3225134,154,76.9903762,3,1.499812523,1.948051948,11.26975854,2.923703706,3.036303997,0.01,3
Schleswig-Holstein,Segeberg,276032,205.0601757,314,113.754927,4,1.44910735,1.27388535,12.89047728,4.283592621,1.340170211,0.17,3
Schleswig-Holstein,Steinburg,131347,129.0100199,174,132.4735243,3,2.284026282,1.724137931,12.8265016,4.462444448,1.743333618,0.088,3
Schleswig-Holstein,Stormarn,243196,317.4831655,413,169.8218721,31,12.74692018,7.506053269,13.45873889,4.71026659,-0.345280218,0.75,4
Thüringen,Altenburger Land,90118,158.2439526,64,71.01799862,3,3.328968686,4.6875,16.10063904,4.642761912,2.761577135,0.01,1
Thüringen,Eichsfeld,100380,106.4995522,151,150.4283722,8,7.969715083,5.298013245,13.51677902,3.50849998,-0.331998155,0.756,4
Thüringen,Eisenach,42370,405.5218911,28,66.08449375,2,4.720320982,7.142857143,14.57267975,3.358946017,-0.288009494,0.73,4
Thüringen,Erfurt,213699,790.1581913,136,63.64091549,2,0.935895816,1.470588235,14.64154245,3.568666697,0.073780922,0.882,3
Thüringen,Gera,94152,618.3413005,224,237.9131617,14,14.86957261,6.25,15.99165526,4.058666786,1.330188925,0.168,1
Thüringen,Gotha,135452,144.7116775,281,207.4535629,29,21.4097983,10.3202847,13.6967513,3.281888882,-0.150613938,0.87,4
Thüringen,Greiz,98159,115.9697672,610,621.4407237,45,45.84398782,7.37704918,14.95587824,3.691999984,2.118153641,0.036,1
Thüringen,Hildburghausen,63553,67.77493003,42,66.08657341,1,1.573489843,2.380952381,13.48510686,2.564555585,0.625087198,0.542,3
Thüringen,Ilm-Kreis,108742,128.9334328,129,118.6294164,4,3.678431517,3.100775194,13.54538371,2.621212157,0.259772983,0.754,3
Thüringen,Jena,111407,969.7867425,159,142.7199368,3,2.692828996,1.886792453,15.26885364,3.649333239,-0.432997093,0.628,2
Thüringen,Kyffhäuserkreis,75009,72.26332636,45,59.99280086,0,0,0,13.67895132,3.533722182,-0.637511641,0.542,2
Thüringen,Nordhausen,83822,117.3656998,61,72.77325762,2,2.386008446,3.278688525,13.79793802,3.295925909,0.275315305,0.764,3
Thüringen,Saale-Holzland-Kreis,83051,101.8431687,69,83.08148005,3,3.612238263,4.347826087,14.60881718,3.533037053,1.431137512,0.172,1
Thüringen,Saale-Orla-Kreis,80868,70.21817194,144,178.0679626,12,14.83899688,8.333333333,13.95946826,3.141249999,0.405792267,0.698,1
Thüringen,Saalfeld-Rudolstadt,106356,102.6232739,69,64.87645267,0,0,0,13.70534745,2.622051276,0.175609867,0.8,3
Thüringen,Schmalkalden-Meiningen,122347,101.0283887,124,101.3510752,3,2.452042142,2.419354839,13.50118934,3.048142842,0.596152192,0.558,3
Thüringen,Sömmerda,69655,86.32184847,37,53.11894336,1,1.435647118,2.702702703,14.00479996,3.915000002,-0.362366167,0.732,2
Thüringen,Sonneberg,56196,129.7510671,209,371.9125916,14,24.91280518,6.698564593,13.46607974,2.569066715,-0.327802795,0.692,4
Thüringen,Suhl,34835,340.1168202,18,51.6721688,2,5.741352088,11.11111111,13.54684613,2.599546989,-0.484529784,0.616,4
Thüringen,Unstrut-Hainich-Kreis,102912,105.1008376,77,74.82120647,3,2.91511194,3.896103896,13.79715211,3.698333323,0.394942527,0.684,3
Thüringen,Wartburgkreis,123025,94.18262718,67,54.46047551,2,1.625685836,2.985074627,13.61124773,3.371058801,0.292980568,0.784,3
Thüringen,Weimar,65090,771.0629524,68,104.4707328,0,0,0,14.78557505,3.608590131,-0.170651151,0.758,2
Thüringen,Weimarer Land,81947,101.8779835,73,89.08196761,4,4.881203705,5.479452055,14.20526827,3.459030303,1.009176942,0.304,1
