province,prefecture,pop,pop_dens,cases,cases_100k,deaths,deaths_100k,mortality,PM25_sat,NO2_sat,PM25_gr,PM10_gr,CO_gr,NO2_gr,O3_gr,SO2_gr,Z-score,p-value,q-value
Anhui,Chaohu,3871520,410.2505142,0,0,0,0,,50.42761364,3.391490639,,,,,,,-3.212223451,0.004,2
Anhui,Xuancheng,2648300,215.4912812,6,0.226560435,0,0,0,37.90648765,1.752241381,103.1642005,53.66652038,6.927568306,15.28383502,26.40059359,10.70153209,-2.889298323,0.004,2
Anhui,Chuzhou,4114200,303.2394025,13,0.315978805,0,0,0,52.21059987,3.54421189,133.5267913,65.67741307,8.39721785,13.37024411,20.45555739,8.73420388,-3.958093667,0.002,2
Anhui,Huangshan,1407100,144.5330963,9,0.639613389,0,0,0,29.61728315,0.688144932,81.58027844,36.3003658,2.38666057,5.968551987,14.6507872,3.187465032,-0.390801178,0.67,2
Anhui,Suzhou,5681400,568.1756778,41,0.721653114,0,0,0,54.19165605,3.734081645,129.4595556,63.94755556,9.592888889,11.144,31.65613718,14.38844444,-3.747044284,0.002,2
Anhui,Huainan,3489500,1642.78856,27,0.773749821,0,0,0,51.58354105,3.272066665,112.5562163,61.83464129,7.874906471,12.36412046,24.57005811,8.740119894,-3.361898214,0.002,2
Anhui,Wuhu,3748200,1137.985818,34,0.907102076,0,0,0,46.40443901,2.670854159,126.0973943,65.94472557,9.588216646,14.89611279,25.7619503,10.30456039,-1.859018617,0.058,2
Anhui,Chizhou,1474500,174.2193612,17,1.152933198,0,0,0,35.31291133,1.588357727,87.53687169,40.67608697,6.546440748,10.59138461,22.19996524,8.506900242,-1.189258894,0.248,2
Anhui,Huaibei,2254100,837.2383653,28,1.242180915,0,0,0,55.07328412,3.687037062,115.6863421,60.32627091,10.13162973,16.95571313,29.5071549,11.7757193,-3.271014886,0.002,2
Anhui,Lu'an,4837400,262.9988035,69,1.426386075,0,0,0,43.79610909,1.618241382,,,,,,,-2.879025412,0.002,2
Anhui,Ma'anshan,2337100,1306.99683,38,1.625946686,0,0,0,52.51323032,3.94887501,133.73569,68.03713403,12.21091781,15.55480275,31.61373395,12.42819262,-2.080431197,0.038,2
Anhui,Anqing,4691300,304.4669428,83,1.769232409,0,0,0,40.34946924,1.653319443,113.9653046,53.20482771,7.696777336,12.57141392,25.0814618,9.227354457,-1.839959194,0.066,2
Anhui,Tongling,1629100,1572.582368,29,1.780123995,0,0,0,44.58363762,2.873599982,124.6013511,66.09920819,12.25473337,15.99825015,23.44211538,18.72851639,-1.60656235,0.144,2
Anhui,Fuyang,8207200,812.9363183,155,1.888585632,0,0,0,52.04021588,2.449480001,116.7256914,54.79474612,6.688403183,14.7683352,31.49591926,12.39678039,-3.155511408,0.012,2
Anhui,Bozhou,5237200,609.5478723,108,2.062170626,0,0,0,54.75713951,2.925231384,115.6419643,56.81046931,7.791071429,14.83392857,18.52569883,18.83303571,-3.708582152,0.002,2
Anhui,Hefei,4215880,563.1485989,174,4.127252199,1,0.02371984,0.574712644,51.30418275,3.118657784,135.3334083,71.75798279,8.71209958,13.55084399,23.78927293,8.481576117,-2.475246839,0.016,2
Anhui,Bengbu,3392000,574.5648112,160,4.716981132,5,0.14740566,3.125,52.39443961,3.087890911,126.2914263,63.17717809,7.394822944,13.16792144,30.6739922,10.4947978,3.590131475,0.002,1
Beijing,Beijing,21542000,1313.103568,593,2.729551574,9,0.037136756,1.360544218,41.36518438,5.205013494,144.8599251,83.01568208,11.42316571,24.38498932,26.85454009,10.51187296,-2.034623706,0.05,2
Chongqing,Chongqing,31018000,376.2537008,579,1.86665807,6,0.019343607,1.03626943,29.40142198,1.019594125,123.5374426,62.35600499,9.499253243,18.57873867,17.67135751,9.765953165,0.309822493,0.742,3
Fujian,Longyan,2640000,138.1213692,6,0.227272727,0,0,0,18.83452413,0.592427451,69.92770016,35.3783698,7.385430228,11.63372261,20.90477047,5.282058762,1.503458379,0.128,3
Fujian,Zhangzhou,5140000,410.5145703,20,0.389105058,0,0,0,19.07371594,1.068127267,85.68204084,44.27196582,4.891330265,10.68222791,21.06827263,5.227116547,1.399788703,0.152,3
Fujian,Quanzhou,8700000,796.4726359,47,0.540229885,0,0,0,20.2852927,0.946182454,82.65122396,45.76233533,5.874316635,9.536015812,35.99499651,5.417359079,1.669739615,0.084,3
Fujian,Sanming,2580000,112.4163184,14,0.542635659,0,0,0,19.11851058,0.539352752,74.54832537,36.61234078,9.212118435,10.61763076,14.31112825,7.359890011,1.541036552,0.138,3
Fujian,Nanping,2690000,102.1786547,20,0.743494424,0,0,0,20.74088465,0.525112922,63.90750219,27.06295511,7.956481467,4.758023194,23.99196302,6.531751724,1.143434131,0.25,3
Fujian,Xiamen,4110000,2683.784465,35,0.851581509,0,0,0,25.52509045,2.049111138,91.33856566,43.25277138,5.266193214,13.47359813,33.21876583,5.413121797,1.049294697,0.3,3
Fujian,Ningde,2910000,220.1293847,26,0.89347079,0,0,0,17.77608462,0.635460053,76.19690889,37.23199898,7.349213127,8.403977497,24.99136454,2.980309131,1.320002315,0.19,3
Fujian,Fuzhou,7740000,665.1661644,72,0.930232558,1,0.012919897,1.388888889,17.80718309,1.125134619,63.10124977,29.5978863,7.344418423,13.88402452,24.3212689,3.963935547,1.599011414,0.098,3
Fujian,Putian,2900000,743.6759117,56,1.931034483,0,0,0,19.77331499,1.139390483,73.7408955,32.39608113,5.573457011,7.15496622,18.95935984,1.643647571,1.045359787,0.282,3
Gansu,Jiayuguan,252000,193.8207353,0,0,0,0,,9.325884576,0.395377775,92.17613285,85.41895928,6.92458984,13.28798575,50.53927335,14.35908083,2.148107612,0.018,3
Gansu,Jiuquan,1127000,7.737810646,0,0,0,0,,5.633316579,0.09475585,,,,,,,3.448485002,0.002,3
Gansu,Wuwei,1827800,55.89208982,0,0,0,0,,13.25594003,0.228356357,95.1841637,76.27669039,13.95907473,11.47686833,25.50499546,16.83985765,2.823763006,0.002,3
Gansu,Qingyang,2266600,83.43164128,3,0.132356834,0,0,0,23.30713818,0.515150617,82.62049207,58.15493814,9.968095303,5.998089441,31.55336677,7.765268006,1.007445469,0.334,3
Gansu,Linxia Hui,2058800,254.7814498,3,0.145715951,0,0,0,25.07814664,0.518979424,73.90386625,46,9.151515152,18.19958203,27.57777778,10.14315569,1.511551925,0.132,3
Gansu,Longnan,2634300,92.5652268,4,0.151842994,0,0,0,21.01823364,0.338738379,107.712831,58.99185336,7.205702648,9.759674134,34.22365591,11.15682281,1.788465236,0.072,3
Gansu,Zhangye,1233800,31.15862739,2,0.162100827,0,0,0,9.625268845,0.127666667,90.05929204,63.61946903,5.738938053,9.476106195,34.63333333,12.32035398,3.82739784,0.002,3
Gansu,Jinchang,468600,63.6832358,1,0.213401622,0,0,0,12.44279219,0.274094017,94.48538593,75.52193114,11.36142193,8.940285566,39.04528176,21.69847781,2.450388663,0.012,3
Gansu,Baiyin,1734200,86.27495239,4,0.230653904,0,0,0,23.22179998,0.482205638,107.0459459,91.64774775,9.397297297,14.64684685,20.27727273,22.83153153,1.882566878,0.06,3
Gansu,Dingxi,2821700,143.3298139,9,0.318956657,0,0,0,24.38559465,0.424811743,95.48574238,59.05358899,7.823326772,10.52753196,27.18886098,12.13176008,1.410863836,0.138,3
Gansu,Tianshui,3354900,235.757334,12,0.357685773,0,0,0,26.66426668,0.446243677,96.33895297,58.86956522,7.409498208,16.15794144,25.8513146,9.653948536,0.762498245,0.458,3
Gansu,Pingliang,2119100,191.4236357,9,0.424708603,0,0,0,26.85704158,0.702666668,102.2907801,56.88120567,8.691489362,20.89539007,20.2954342,11.38741135,0.83317449,0.408,3
Gansu,Lanzhou,3753600,282.8722345,36,0.959079284,2,0.053282182,5.555555556,25.67893987,1.062209242,121.1528249,84.55935627,13.0807547,22.743814,33.58412477,13.12395829,1.416631991,0.164,3
Gansu,Gannan Tibetan,720200,19.72872742,8,1.110802555,0,0,0,9.728306152,0.17075847,120.0005013,76.00050125,13.25714286,14.49573935,18.25520041,7.102255639,2.619589045,0.008,3
Guangdong,Yunfu,2526900,324.5355249,0,0,0,0,,30.7522425,1.623094528,89.58494526,43.24392039,10.71130995,10.16138636,18.01989307,9.901530651,-0.112671417,0.886,2
Guangdong,Heyuan,3093900,198.0239753,4,0.129286661,0,0,0,23.54879848,0.625726616,92.92767036,41.60768086,7.706140528,10.92837258,27.080534,5.678277851,1.075413602,0.296,3
Guangdong,Shanwei,2993600,616.0904758,5,0.167022982,0,0,0,20.67528207,0.840809518,84.78670386,36.67016081,7.044034975,5.676778176,31.54408182,5.175694369,1.015309385,0.312,3
Guangdong,Jieyang,6089400,1166.321788,11,0.180641771,0,0,0,21.62121836,0.992074067,98.86262488,46.79041456,8.866759759,9.400639183,33.72853425,9.21310332,1.321329935,0.174,3
Guangdong,Maoming,6313200,554.8849282,14,0.221757587,0,0,0,28.08110638,0.933639997,87.43612214,41.21722937,7.607016215,6.764364827,28.23541415,7.844057675,0.16467019,0.922,3
Guangdong,Chaozhou,2656600,828.8113932,6,0.225852594,0,0,0,19.76719646,0.860873566,99.7589314,48.42938855,9.943219419,8.101516728,40.91574583,6.467223261,1.294324434,0.196,3
Guangdong,Qingyuan,3874000,204.8100265,12,0.309757357,0,0,0,30.79233596,1.130376469,84.781354,41.14169304,9.74505594,13.28505505,24.5132093,9.625334926,-0.282210919,0.758,2
Guangdong,Zhanjiang,7332000,583.9118154,24,0.327332242,0,0,0,25.3938889,0.968672729,78.56011872,38.73438767,8.741003807,6.712565199,29.69039029,5.348603053,0.004501357,0.988,3
Guangdong,Shaoguan,2997600,163.0467758,10,0.333600214,1,0.033360021,10,27.52292772,0.984358025,93.33072456,44.03255627,9.813753726,11.91292822,25.45676707,11.44710318,0.37442619,0.71,3
Guangdong,Meizhou,4378800,276.8343288,17,0.388234219,0,0,0,20.31610098,0.756755867,94.52221504,44.0932917,8.434061999,9.978666866,23.61178929,4.736740199,1.709897374,0.08,3
Guangdong,Shantou,5638500,2733.575829,26,0.461115545,0,0,0,22.50431033,1.586315782,100.3803671,49.7758191,8.532790593,10.59486798,33.67307779,9.279950287,0.911144624,0.368,3
Guangdong,Zhaoqing,4151700,279.2817781,20,0.481730376,1,0.024086519,5,31.84469818,1.64318461,100.9909525,49.48310723,9.131141543,12.8379446,22.54495127,10.20657439,-0.260647476,0.794,2
Guangdong,Jiangmen,4598200,490.1912339,24,0.521943369,0,0,0,31.0906207,4.033019607,96.28402561,48.70814366,7.171785872,15.65639597,21.7232415,9.187327003,-0.175461972,0.846,2
Guangdong,Yangjiang,2555600,326.9752559,14,0.54781656,0,0,0,26.42620147,1.308428565,88.26508679,37.77790587,9.76704236,10.30754172,25.25192863,3.587091592,0.064945541,0.996,3
Guangdong,Dongguan,8392200,3469.672666,100,1.19158266,1,0.011915827,1,34.76510941,7.645966661,98.57647141,44.61406703,7.511318863,16.00101777,35.19224004,8.077706303,0.00881333,0.938,3
Guangdong,Foshan,7905700,2036.169053,100,1.214313723,0,0,0,37.91958381,7.483166668,99.63088733,47.26259439,8.84990904,20.28441155,24.04725528,9.423629885,-0.273203324,0.78,2
Guangdong,Huizhou,4830000,427.1469298,62,1.283643892,0,0,0,26.20038035,1.342824745,81.91322805,40.05766032,6.178458085,9.521392269,28.01778569,5.484315394,0.390502591,0.716,3
Guangdong,Zhongshan,3310000,1886.477549,69,2.054380665,0,0,0,34.60266069,8.737999886,88.86957659,40.27464671,9.327509549,12.32053368,23.32293153,6.211327621,-0.287900062,0.764,2
Guangdong,Guangzhou,14904400,2088.678485,507,3.133302917,1,0.006709428,0.214132762,34.82906141,4.024127004,100.554408,48.22024175,8.093725901,17.63483414,28.10195826,7.469590665,-0.191037616,0.83,2
Guangdong,Shenzhen,13026600,6796.338106,462,3.500529685,3,0.023029801,0.657894737,29.20753323,7.120666756,92.73018457,46.59458093,9.752245453,19.21492377,33.49808803,5.337830226,0.276736022,0.82,3
Guangdong,Zhuhai,1891100,1225.112795,103,5.446565491,1,0.052879277,0.970873786,29.23782092,5.444424196,92.46603867,50.6747645,8.75,16.70004958,31.66914683,6.233515121,0.107349386,0.896,1
Guangxi,Chongzuo,2099400,120.7369859,0,0,0,0,,26.02293085,0.475841059,,,,,,,0.314924994,0.802,3
Guangxi,Baise,3669400,101.2976033,3,0.081757236,0,0,0,22.11791305,0.420873064,96.81082816,46.31925725,7.676343873,6.866610544,20.51076341,6.831742608,1.14855237,0.234,3
Guangxi,Wuzhou,3061100,244.1029623,5,0.163339976,0,0,0,31.85825223,0.866715149,85.98069151,36.78221823,13.4207454,8.943421643,35.91020408,6.889986529,-0.160940564,0.842,2
Guangxi,Guigang,4409200,414.932516,8,0.18143881,0,0,0,35.05248231,0.807395187,,,,,,,-0.285857644,0.778,2
Guangxi,Yulin,5849700,454.9643913,11,0.188043831,0,0,0,32.76116442,0.924193143,89.16358334,39.52295218,8.732480836,7.948138893,28.00732398,9.462251302,-0.045590504,0.962,3
Guangxi,Hezhou,2072600,177.6073816,4,0.192994307,0,0,0,31.45161961,0.549767295,93.41553749,47.29739443,5.492362983,6.298292902,22.35321101,7.374663073,-0.116811792,0.894,2
Guangxi,Qinzhou,3304400,308.3094851,8,0.242101441,0,0,0,33.32354047,0.761913978,88.46749777,44.62778272,10.01959038,6.024042743,23.38630137,10.97506679,-0.139385524,0.886,2
Guangxi,Laibin,2233900,169.7635797,11,0.492412373,0,0,0,33.7783745,0.820655369,,,,,,,-0.10806964,0.892,2
Guangxi,Liuzhou,4041700,214.8297937,24,0.593809536,0,0,0,31.79552745,0.6400818,120.9628855,59.59870214,9.689644158,11.99242084,32.79267732,14.87264398,0.055570759,1,3
Guangxi,Guilin,5085500,184.5570847,32,0.629239996,0,0,0,30.81754521,0.541133332,116.1594843,53.53832081,9.355430057,10.61437182,28.2697182,11.12117549,-0.248640844,0.82,2
Guangxi,Nanning,7254100,328.0151665,55,0.758191919,0,0,0,32.29024148,0.794572863,100.8115236,52.50481406,8.130979077,13.87547543,20.11183585,6.484211366,0.203594615,0.84,3
Guangxi,Hechi,3545700,106.1342196,28,0.789688919,1,0.028203176,3.571428571,27.73737296,0.45173111,96.14477212,45.18319929,11.70598749,9.645218945,17.15173675,12.91867739,0.258796818,0.824,3
Guangxi,Fangchenggang,953300,158.7008391,19,1.993076681,0,0,0,28.72438267,0.453169811,,,,,,,-0.027216916,0.978,3
Guangxi,Beihai,1680000,483.203079,44,2.619047619,1,0.05952381,2.272727273,31.00343533,0.798266665,79.88741781,44.27809495,10.51598368,6.797148919,34.15477172,5.741843586,0.04770025,0.986,3
Guizhou,Qianxinan Buyei and Miao,2871700,170.9085005,4,0.139290316,0,0,0,21.17666159,0.819275938,,,,,,,1.267460935,0.208,3
Guizhou,Anshun,2353100,252.4876516,4,0.169988526,0,0,0,25.44932159,0.946232557,,,,,,,1.035504986,0.318,3
Guizhou,Qiandongnan Miao and Dong,3538300,116.8104536,10,0.282621598,0,0,0,29.47722157,0.528065932,,,,,,,0.248111399,0.822,3
Guizhou,Tongren,3168800,176.6351527,10,0.315576875,0,0,0,29.41831292,0.596592154,,,,,,,0.214039126,0.858,3
Guizhou,Liupanshui,2937300,294.5359884,10,0.340448711,1,0.034044871,10,19.11853717,1.257310861,,,,,,,1.313477121,0.186,3
Guizhou,Bijie,6686100,249.5153022,23,0.343997248,0,0,0,20.65795905,1.001379776,,,,,,,1.301834616,0.184,3
Guizhou,Zunyi,6270700,203.7647828,32,0.510309854,0,0,0,28.47436655,0.867787133,110.5772524,59.64850435,6.875604156,13.88736996,20.44541515,10.56647967,0.451568595,0.678,3
Guizhou,Qiannan Buyei and Miao,3292100,126.3810072,17,0.516387716,0,0,0,27.29573422,0.617164519,,,,,,,0.734933986,0.44,3
Guizhou,Guiyang,4881900,607.6200325,36,0.737417809,1,0.020483828,2.777777778,29.40269648,1.007661974,101.0342835,49.26246921,6.597555228,12.59477262,19.48679608,9.851237495,0.74654877,0.462,3
Hainan,Hainan,6221700,207.8975538,75,1.205458315,5,0.080363888,6.666666667,14.49142199,0.40863172,58.38518715,28.06993032,6.59352883,3.958613619,20.31040621,2.139585894,1.554075966,0.118,3
Hainan,Haikou,2272100,1010.298849,39,1.716473747,0,0,0,15.9501425,0.755666673,67.07403564,33.48530249,5.900766286,6.278787333,21.32462583,2.806791134,1.025975293,0.32,3
Hainan,Sanya,764200,405.2704795,55,7.066213033,1,0.130855797,1.851851852,12.67618144,0.294250002,57.27687734,26.08681939,6.401771701,6.50117711,17.15412301,1.14401485,-1.065606351,0.274,4
Hebei,Hengshui,4460400,504.9708462,8,0.179356112,0,0,0,70.14027765,4.444999977,183.9647449,126.9874503,11.7062651,19.65958926,28.21580929,21.79695884,-4.512506908,0.002,2
Hebei,Chengde,3565000,90.27034292,7,0.196353436,0,0,0,21.36982395,1.043812893,114.6644204,69.56284253,8.681413723,15.27435562,26.99652184,13.71801076,-0.256992867,0.79,2
Hebei,Shijiazhuang,10879900,773.9765412,29,0.266546568,0,0,0,50.3770951,6.130470331,186.6507982,139.8904006,13.56086891,24.64458967,22.39926768,29.75392849,-1.661533944,0.096,2
Hebei,Baoding,11690500,524.2480884,32,0.27372653,0,0,0,50.00322183,3.830869814,186.9598806,140.9169337,14.66422909,24.91311693,26.77753113,29.42086726,-2.608124561,0.022,2
Hebei,Xingtai,7351600,589.3266134,23,0.312857065,1,0.013602481,4.347826087,54.59209735,5.507100272,177.6173075,134.8703784,13.34151958,26.44833749,20.52823928,27.91661523,-3.928046977,0.002,2
Hebei,Qinhuangdao,3110800,400.1805321,10,0.321460718,1,0.032146072,10,38.56796166,4.96291454,127.4440672,83.23788516,12.00896087,20.54693097,21.33996813,20.95182663,-0.137282144,0.902,2
Hebei,Handan,9511100,788.799781,32,0.336448991,0,0,0,50.43655542,6.302480862,176.5995924,122.7421141,15.73575665,23.0856567,19.40155723,30.76929038,-2.630994312,0.014,2
Hebei,Langfang,4741000,741.043583,30,0.632777895,0,0,0,69.4583431,5.969803894,162.9463561,109.6519565,12.90089092,24.0198796,25.06554903,17.8505611,-3.543408015,0.002,2
Hebei,Cangzhou,7554900,532.0506977,48,0.635349244,3,0.039709328,6.25,70.97685696,4.667486125,154.1450426,91.41426746,9.053035687,18.76100611,24.6583716,23.5649445,-5.516011285,0.002,2
Hebei,Tangshan,7897000,594.2077604,58,0.734456123,1,0.012663037,1.724137931,53.23421284,5.728599075,150.6982964,100.377029,16.03403324,25.64628312,27.45902914,24.11278695,-1.234787139,0.228,2
Hebei,Zhangjiakou,4433100,120.7709468,41,0.924860707,0,0,0,17.58388429,1.487807068,102.5194407,63.6747965,7.488320492,11.77513745,26.07797097,18.11161285,0.856530626,0.406,3
Heilongjiang,Yichun,1098000,33.29733281,1,0.091074681,0,0,0,14.87932678,0.520125313,62.27582313,36.83272651,3.826111294,7.257188397,18.44646785,3.75122695,1.458373036,0.13,3
Heilongjiang,Hegang,1037000,72.26209739,5,0.482160077,0,0,0,14.4070776,0.697160917,100.1861019,53.08938895,8.976847132,6.646547637,22.82529906,5.748824326,1.350567022,0.17,3
Heilongjiang,Mudanjiang,2755000,71.22609104,25,0.54446461,0,0,0,19.47517271,0.881463045,110.5391226,60.47843236,7.437150463,12.38832878,28.17467953,10.89565035,0.955963257,0.338,3
Heilongjiang,Jiamusi,2518000,78.99145258,15,0.595710882,0,0,0,16.67792767,0.77917014,76.69888482,38.33134546,7.91165173,11.11483286,23.87001156,5.671286433,1.51265099,0.134,3
Heilongjiang,Daxing'anling,471000,7.273398603,3,0.636942675,0,0,0,7.948349518,0.17798435,,,,,,,2.025283806,0.032,3
Heilongjiang,Daqing,3184000,153.7633815,27,0.816582915,1,0.031407035,3.846153846,26.70691829,1.344998627,103.0159952,49.35217426,5.671111096,11.86864341,34.05778782,9.390529226,0.654869676,0.54,3
Heilongjiang,Qiqihar,5052000,119.6646196,43,0.85114806,1,0.019794141,2.325581395,17.94177622,0.88056147,90.43822287,50.78821335,8.272883577,11.26390642,27.35662095,14.39923506,2.032070775,0.034,3
Heilongjiang,Heihe,1642000,24.56255145,14,0.852618758,0,0,0,11.10287968,0.460627118,69.1088955,34.08516809,3.431589529,7.125888861,20.06140801,10.07190897,2.312219795,0.016,3
Heilongjiang,Suihua,5213000,147.4046078,47,0.901592173,4,0.076731249,8.510638298,29.74711274,1.270418454,89.29740841,44.72504845,4.802223343,11.3329202,25.44921514,9.439363989,1.448778996,0.132,3
Heilongjiang,Harbin,10981000,205.9444331,264,1.80311447,4,0.036426555,2.02020202,33.8137193,1.583464262,129.2425975,73.40587849,8.314761622,22.38663094,26.33977606,18.99365657,1.145790447,0.238,3
Heilongjiang,Qitaihe,868000,162.3756388,17,1.958525346,0,0,0,23.5488253,1.139735455,101.8568465,56.12759336,3.908713693,5.702282158,20.15621679,5.190871369,1.319690793,0.174,3
Heilongjiang,Jixi,1842000,72.8627605,46,2.497285559,0,0,0,19.56509261,0.922821222,63.2690556,37.55513778,7.978462665,8.048967562,18.745269,10.42697347,1.255033674,0.22,3
Heilongjiang,Shuangyashan,1459000,63.13683753,52,3.56408499,3,0.205620288,5.769230769,18.18695987,0.860587064,98.39395294,51.97396293,6.700955855,9.809915378,22.26396474,8.831120709,1.240721506,0.212,3
Henan,Sanmenxia,2272900,228.9429788,7,0.307976594,1,0.043996656,14.28571429,26.8459596,2.057770831,153.672049,87.83564661,15.09571716,18.5788156,20.85653765,30.19652931,-0.265442511,0.802,2
Henan,Luoyang,6888500,457.7222412,31,0.450025405,1,0.014516949,3.225806452,30.75893806,2.590195018,138.0048439,85.83714789,17.17080576,20.37618832,24.69084433,23.82422468,-1.666579439,0.11,2
Henan,Puyang,3609400,860.556577,17,0.470992409,0,0,0,61.87868844,4.414333304,153.459074,90.42626144,13.79818885,19.94533568,24.78124216,16.7602939,-4.713918618,0.002,2
Henan,Kaifeng,4564900,729.656823,26,0.569563408,0,0,0,58.97350988,4.69534463,138.1806193,81.59932935,13.86301461,16.77161607,21.53462936,15.08986917,-4.168628411,0.002,2
Henan,Jiyuan shi,732700,387.1149021,5,0.682407534,0,0,0,36.98291092,4.512866664,128.4919355,86.29737903,14.87487386,14.32459677,15.58054711,27.73891129,-0.654202576,0.516,2
Henan,Zhoukou,8677800,721.7941513,76,0.875798013,1,0.011523658,1.315789474,56.25649908,3.124275857,149.6650277,94.06277791,21.87592626,10.61601841,15.52757297,12.0459567,-4.248102044,0.002,2
Henan,Xuchang,4437400,887.985272,39,0.878893045,1,0.022535719,2.564102564,55.43194533,4.373086935,144.5619957,91.02397227,12.86420059,22.2770703,21.16243076,15.42287314,-3.209582375,0.002,2
Henan,Jiaozuo,3590700,853.9941386,32,0.891191133,1,0.027849723,3.125,47.99058144,6.831674785,144.4686102,81.08309821,20.94831908,20.08732956,16.9710391,33.1194387,-1.424309957,0.152,2
Henan,Xinxiang,5794100,703.1642391,57,0.983759341,3,0.051776807,5.263157895,54.4366686,5.733188784,154.2737268,98.53078043,13.14574304,20.92812495,21.89931297,22.30893153,-3.693667559,0.004,2
Henan,Anyang,5176000,711.13178,53,1.023956723,0,0,0,51.70968232,5.751119989,148.8487111,100.5199857,18.84841463,23.34900903,19.12546742,24.7254038,-2.881408006,0.008,2
Henan,Pingdingshan,5027700,638.0715342,58,1.153609006,1,0.01988981,1.724137931,44.4777256,3.03386668,151.8598097,94.09603065,10.59371737,20.51945213,33.70203597,25.63723193,-2.437437088,0.014,2
Henan,Hebi,1627300,755.707787,19,1.167578197,0,0,0,55.75089352,5.591900039,142.1848596,91.07967179,14.84962666,22.25785117,24.16684379,21.93769201,-2.024348125,0.052,2
Henan,Shangqiu,7325300,683.6522215,91,1.242269941,3,0.040953954,3.296703297,58.15483148,3.433090346,135.4886364,72.55519481,6.883169935,15.58198052,31.04493464,12.48782468,-4.114129991,0.002,2
Henan,Luohe,2665300,1007.416203,36,1.35069223,0,0,0,54.74549384,3.370261899,,,,,,,-2.607081816,0.012,2
Henan,Zhengzhou,10136000,1347.839206,157,1.548934491,5,0.049329124,3.184713376,52.54770192,6.185789482,157.1779282,107.3988126,14.31078017,24.65351315,23.11324547,17.60493008,-2.873695711,0.008,2
Henan,Nanyang,10013600,377.120584,156,1.557881281,3,0.029959255,1.923076923,37.28930012,1.55178729,139.2776416,96.78605727,10.86240485,13.80796347,36.49116951,12.30397305,-0.937436256,0.352,2
Henan,Zhumadian,7036600,465.9856091,139,1.97538584,0,0,0,48.37585843,2.239270271,,,,,,,-2.831337194,0.01,2
Henan,Xinyang,6474100,342.4625768,274,4.232248498,2,0.030892325,0.729927007,45.43281546,1.712998118,,,,,,,-2.651676231,0.014,2
Hong Kong SAR,Hong Kong,7451000,6598.009377,1065,12.88417662,4,0.053684069,0.416666667,25.49308503,6.194095203,92.08088765,46.09829746,10.1357221,16.53528685,27.86990432,4.103806768,-0.1034853,0.992,4
Hubei,Shennongjia,1687005,522.4457675,11,0.652043118,0,0,0,18.97078364,0.348078432,110.7121518,45.24093148,5.291632819,6.858295964,22.88609647,5.633333333,0.41056823,0.698,3
Hubei,Enshi Tujia and Miao,3361000,138.9706966,252,7.497768521,7,0.208271348,2.777777778,22.89703412,0.450480825,130.6506463,64.98525496,10.40797649,11.38534423,17.13548781,10.02805043,-0.31647462,0.766,4
Hubei,Shiyan,3418000,144.6487582,672,19.66062025,8,0.234055003,1.19047619,23.4244204,0.589537118,107.7453533,52.16226451,6.998217289,10.01351167,17.9806176,10.36234831,-0.529090015,0.61,4
Hubei,Xiangfan,5654000,286.612579,1175,20.78174744,40,0.689777149,3.319148936,35.13233535,1.279012481,133.7317756,72.66396441,8.534774104,13.71675364,36.92962391,10.20686956,0.327344519,0.71,1
Hubei,Yichang,4135600,194.3814732,931,22.51184834,37,0.870490376,3.866809882,28.3900983,0.873792296,120.6965631,68.13147972,9.655879357,15.79796348,23.15123824,14.24183129,0.732790543,0.462,1
Hubei,Jingzhou,5641700,400.2757739,1580,28.00574295,52,0.921707996,3.291139241,49.49500238,1.554777775,113.1739101,62.00341603,10.44706482,13.43997271,31.4553938,12.44053598,2.76247867,0.004,1
Hubei,Jingmen,2901500,235.0124872,928,31.98345683,41,1.413062209,4.418103448,45.04178683,1.429096045,145.7856894,88.92485697,9.086226061,15.51296623,29.22557684,16.05276145,2.416081106,0.03,1
Hubei,Xianning,2535100,260.0305903,836,32.97700288,15,0.591692635,1.794258373,42.29556414,1.171386365,130.2898103,68.72579483,12.75361544,10.49619082,25.17331524,7.645872561,2.160016534,0.04,1
Hubei,Huangshi,2470500,539.0257616,1015,41.08480065,39,1.578627808,3.842364532,43.79595525,2.203720924,145.8273312,80.52896978,15.44345549,18.45840674,20.56396763,14.56186091,2.047869554,0.056,1
Hubei,Qianjiang,437757,216.3224618,198,45.23057313,9,2.055935142,4.545454545,52.79940872,1.332740717,147.5289492,77.79343034,8.658100825,13.75497521,23.05494195,13.2273041,2.566011489,0.016,1
Hubei,Huanggang,6341000,370.2991464,2907,45.84450402,125,1.971297903,4.2999656,42.58995792,1.702753623,,,,,,,2.80465857,0.014,1
Hubei,Suizhou Shi,2210500,230.2010772,1307,59.12689437,45,2.035738521,3.442999235,43.44802532,1.502789854,144.5280676,85.62185163,17.1438881,11.76672742,25.72940602,10.14839986,1.847446718,0.078,1
Hubei,Tianmen,788509,298.6904844,496,62.90353059,15,1.902324514,3.024193548,53.50430653,1.43838462,138.5834077,64.90180752,6.165379373,8.723986321,24.04012483,6.484076433,2.655414348,0.008,1
Hubei,Xiaogan,4915000,553.521776,3518,71.5768057,129,2.624618515,3.666856168,52.34901117,2.258128514,145.7138452,81.32325804,12.84423564,10.8953525,26.76174177,8.855993551,2.920186957,0.008,1
Hubei,Xiantao,553029,218.9212962,575,103.9728477,22,3.978091565,3.826086957,54.96401723,1.613841273,136.4650838,77.00863761,8.266157054,13.12539063,18.22210672,14.23554688,3.214433159,0.004,1
Hubei,Ezhou,1076900,532.053421,1394,129.445631,59,5.478688829,4.232424677,50.36543414,3.476900005,140.2317033,74.38138092,13.92779339,15.6131243,26.52866509,11.97116844,1.882651994,0.072,1
Hubei,Wuhan,10892900,1300.241018,50340,462.0716246,3869,35.51854878,7.686805873,53.74725588,3.725871795,141.4532854,71.81974947,9.97355449,23.41802092,23.07090102,10.54780738,2.929925295,0.008,1
Hunan,Xiangxi Tujia and Miao,2649500,170.9705734,8,0.301943763,0,0,0,29.463811,0.52979856,,,,,,,0.325166407,0.786,3
Hunan,Zhangjiajie,1537900,160.9326725,5,0.325118668,0,0,0,29.18410675,0.588891385,125.9605254,60.67532098,11.99065863,7.148812528,31.62800278,9.541812944,0.023839584,0.982,3
Hunan,Hengyang,7243400,471.393594,48,0.662672226,0,0,0,39.14320216,1.268795237,111.1366876,57.15125509,8.969898795,11.85945811,25.17489936,6.889569717,-0.810956791,0.44,2
Hunan,Huaihua,4979600,180.6880636,40,0.803277372,0,0,0,31.27741775,0.542460315,103.7977314,54.82251888,9.039082152,5.827487249,24.37573535,8.461027371,-0.478249974,0.622,2
Hunan,Yongzhou,5452100,270.5596356,44,0.807028484,0,0,0,33.99260275,0.656124539,110.1793236,49.95910292,5.931239468,12.14384108,25.68773499,12.13250526,-0.334106241,0.72,2
Hunan,Chenzhou,4744500,244.4590648,39,0.822004426,0,0,0,30.20056696,0.983321772,80.76629248,42.5545845,10.17699793,10.24268296,18.40273781,9.543314114,-0.026902979,0.966,2
Hunan,Xiangtan,2864800,566.3460726,36,1.256632226,0,0,0,44.05083249,1.705914896,134.3270403,74.06957836,9.591806921,21.56153449,37.74438528,15.14872064,-0.979420748,0.33,2
Hunan,Yiyang,4413800,362.3756162,60,1.359372876,0,0,0,40.94738976,1.062456138,105.1407671,56.84327308,7.622430792,10.78361763,31.08342766,13.42544415,-1.505098578,0.14,2
Hunan,Shaoyang,7370500,319.8828725,102,1.383895258,1,0.013567601,0.980392157,33.94039658,0.655420289,110.7954596,51.76918565,7.688735187,9.265465832,22.55040331,15.25118834,-0.588691604,0.53,2
Hunan,Changde,5827200,319.2143157,82,1.40719385,0,0,0,39.34336781,1.031984126,123.5973746,62.84896238,12.20996909,10.62143409,26.01717013,12.93339566,-0.50422283,0.624,2
Hunan,Loudi,3931800,484.1875162,76,1.932956915,0,0,0,38.37895231,1.268520551,99.43282104,56.23915254,7.882747548,6.812973123,24.41299889,13.33615299,-1.215079421,0.218,2
Hunan,Zhuzhou,4020800,356.1234149,80,1.9896538,0,0,0,33.38839331,1.001839503,123.5448987,62.45746121,7.950983827,15.3336622,32.881133,12.81686414,-0.800893994,0.434,2
Hunan,Yueyang,5797100,390.9606342,156,2.691000673,1,0.017250004,0.641025641,43.45343753,1.285811591,126.8600649,69.85625851,12.12426069,9.344524523,20.07704498,15.52381944,-1.604219833,0.116,2
Hunan,Changsha,8154700,692.7171459,242,2.967613769,2,0.024525734,0.826446281,40.60629838,1.375728152,130.7236287,61.89092612,8.558228446,16.38498958,31.67940414,9.792950655,-1.347084866,0.202,2
Jiangsu,Suqian,4925900,574.1845919,13,0.263911163,0,0,0,50.82575026,3.863090193,118.024507,68.93912123,6.002339781,13.47424641,27.12199865,9.970428809,-3.268238478,0.002,2
Jiangsu,Yancheng,7200000,469.4991618,27,0.375,0,0,0,48.97032867,3.625684682,107.3845072,56.22299522,3.974155051,9.568108245,35.66324182,8.694088436,-3.114644122,0.004,2
Jiangsu,Zhenjiang,3196400,835.3611736,12,0.37542235,0,0,0,56.07963156,6.842192976,127.1871341,65.38582616,6.377307005,20.30241424,24.69741643,12.37645118,-3.142881028,0.006,2
Jiangsu,Yangzhou,4531000,684.6912585,23,0.507614213,0,0,0,54.91605306,5.289739575,114.408161,62.66552721,3.683401875,12.88074285,26.43798298,11.95087168,-3.549650019,0.002,2
Jiangsu,Nantong,7310000,821.0998817,40,0.547195622,0,0,0,50.78488376,7.175218164,113.4191202,58.88101186,3.905805015,14.49921051,34.45608663,12.93442299,-2.416134747,0.012,2
Jiangsu,Taizhou,4635700,801.6051087,37,0.798153461,0,0,0,56.3686642,5.416432728,134.2562609,71.39193063,5.428350673,13.25475175,28.40511863,15.3069909,-3.96248534,0.002,2
Jiangsu,Suzhou,10721700,1267.951687,87,0.811438485,0,0,0,54.63581157,7.370316648,112.1756454,57.96649412,5.304418878,17.9742142,28.97365839,9.599715964,-3.338011708,0.006,2
Jiangsu,Wuxi,6574500,1428.39279,55,0.836565518,0,0,0,55.4793489,7.4421301,121.8835589,63.91702263,6.356108904,17.69379639,29.00714175,13.34587637,-2.747254172,0.006,2
Jiangsu,Xuzhou,8802000,784.0634936,79,0.89752329,0,0,0,54.5855263,4.62673394,129.7646631,81.72767493,7.252153494,17.78794617,26.99915223,18.83972678,-4.039821234,0.002,2
Jiangsu,Lianyungang,4520000,610.2037232,48,1.061946903,0,0,0,48.59334841,4.278148148,122.9214675,72.1560788,5.331787141,16.22088638,30.48860138,13.25628823,-2.985565909,0.002,2
Jiangsu,Changzhou,4728600,1077.451361,51,1.078543332,0,0,0,55.04805224,6.243333351,117.2241927,61.8185233,5.850311641,18.21004726,27.83796295,13.26238341,-3.006030807,0.004,2
Jiangsu,Nanjing,8436200,1280.693021,93,1.102392072,0,0,0,53.68513519,5.507755538,126.1241003,73.37452758,5.124173258,22.76042011,29.88161056,10.38242132,-3.582508869,0.002,2
Jiangsu,Huai'an,4925000,493.1492982,66,1.340101523,0,0,0,50.86639107,3.851048609,,,,,,,-2.868173515,0.008,2
Jiangxi,Jingdezhen,1664901,316.5318895,6,0.360381788,0,0,0,32.56653312,0.760253335,95.46645529,45.41079733,5.069325897,6.368578153,14.22499408,3.630621429,-0.155857292,0.852,2
Jiangxi,Ji'an,4941941,195.3813321,22,0.445169216,0,0,0,29.14874914,0.835185507,,,,,,,-0.058330726,0.95,2
Jiangxi,Ganzhou,8635583,219.1005804,76,0.88007955,1,0.011579994,1.315789474,24.0485251,0.552421346,98.24324477,44.15172241,7.766099614,8.781361738,22.22269618,12.56058238,1.12571544,0.27,3
Jiangxi,Yingtan,1167501,330.5568888,18,1.541754568,0,0,0,30.42388652,0.947083335,86.41317952,61.83623177,5.818922656,8.675144585,25.2048319,13.75813659,0.479712976,0.656,3
Jiangxi,Pingxiang,1924998,507.2926657,33,1.714287495,0,0,0,32.23423102,1.054323236,108.5988164,54.50008055,8.226823948,6.36997216,15.4316666,9.902508353,-0.444374354,0.646,2
Jiangxi,Fuzhou,4031037,214.1533686,72,1.786140886,0,0,0,27.90691876,0.583909269,92.69804058,44.852025,8.377408149,8.044924685,25.3386433,7.79204719,0.457576997,0.632,3
Jiangxi,Shangrao,6783414,297.6117054,123,1.81324625,0,0,0,30.71840337,0.904807013,96.7178839,44.44223107,4.761424314,11.8479206,20.5248095,17.11926488,-0.053943334,0.93,2
Jiangxi,Yichun,5553748,297.2447003,106,1.908620989,0,0,0,35.66710771,1.077156068,99.72276283,43.97997407,7.712393697,8.918647983,17.43898758,9.784671286,-0.929782058,0.348,2
Jiangxi,Jiujiang,4873276,259.0788018,118,2.421369116,0,0,0,37.25205847,1.421017549,108.1599475,56.00411317,7.081886864,13.1037458,25.09650932,16.18665659,-1.619447758,0.104,2
Jiangxi,Nanchang,5463538,738.2745489,230,4.209726371,0,0,0,38.78820705,1.672740741,104.1631988,57.22307524,8.239832353,13.83663374,25.46446461,11.94475349,-0.263517987,0.782,2
Jiangxi,Xinyu,1180699,369.2156118,130,11.01042687,0,0,0,35.24827617,1.695977005,105.8230961,56.07489955,10.85033558,11.58050898,18.01740878,17.16571555,0.210367015,0.792,1
Jilin,Baishan,1296127,74.31617192,2,0,1,0,,19.5747434,0.778319588,114.2318584,58.32123894,10.91327434,13.33097345,21.53958144,13.70884956,0.584292737,0.574,3
Jilin,Baicheng,2032356,79.12293014,1,0.049203978,0,0,0,18.61113849,0.841260275,145.1165319,76.37265126,10.96401417,9.36276037,24.25113497,8.133451217,1.532325915,0.124,3
Jilin,Songyuan,2880086,135.8625782,2,0.069442371,0,0,0,31.07117661,1.312827778,98.2960222,81.19796485,6.654024052,11.06197965,25.08418131,8.066604995,0.349034308,0.74,3
Jilin,Jilin,4413157,160.0891311,59,0.135957094,1,0,0,32.94772916,1.657158011,118.7686986,69.94802307,8.933484848,15.74107653,28.50491498,13.52105407,0.167910849,0.91,3
Jilin,Tonghua,2324439,148.869774,6,0.2581268,0,0,0,25.93441745,1.262028278,109.4723481,61.12601995,11.96645512,14.78331822,22.8081557,16.79510426,0.396902487,0.734,3
Jilin,Yanbian Korean,2270816,52.16278175,7,0.308259234,0,0,0,17.67885733,0.659088606,75.81002088,40.62526096,5.401878914,10.9039666,22.03842049,8.504175365,0.617038047,0.56,3
Jilin,Siping,3385156,236.3059422,21,0.443111041,1,0.029540736,6.666666667,36.4639838,2.008989518,113.1865993,55.36911245,7.604517557,13.06176498,27.66987995,13.6879712,-0.208456082,0.814,2
Jilin,Liaoyuan,1176239,227.9567682,7,0.595117149,0,0,0,35.15418125,1.75791954,117.8488465,62.21612662,9.589810561,11.44225701,22.7477548,13.75163968,-0.222550048,0.78,2
Jilin,Changchun,7674439,374.6368016,49,0.599392346,0,0,0,40.58044462,2.284472104,124.3859426,74.0164232,7.873620274,20.14589137,24.93088986,15.73315945,-0.330969107,0.72,2
Liaoning,Yingkou,2438000,469.8582554,1,0.041017227,0,0,0,33.52365919,3.239871791,106.3680712,59.35411363,10.26411902,16.85517779,34.38782337,17.61357436,-0.342229094,0.724,2
Liaoning,Fushun,2065000,183.7747999,1,0.04842615,0,0,0,29.33302898,1.935397851,114.7262168,67.1963262,12.36045867,16.13025882,24.64175258,17.05006903,-0.154697057,0.894,2
Liaoning,Anshan,3598000,389.1420782,4,0.138966092,0,0,0,32.9955315,2.982729826,131.811553,80.76511501,14.50053754,16.98583513,24.57208887,23.49252658,-0.412581165,0.666,2
Liaoning,Benxi,1687000,199.6807263,3,0.177830468,0,0,0,26.81172964,1.927428575,120.7442927,71.49297314,16.31405727,19.29276195,23.96737026,20.52192223,0.029951383,0.982,2
Liaoning,Chaoyang,2949000,149.8557208,6,0.2034588,1,0.0339098,16.66666667,24.25146805,1.276173075,116.4189681,71.0419864,19.20441686,11.19711117,16.01034676,25.42515438,0.89146632,0.404,3
Liaoning,Liaoyang,1837000,393.4410319,3,0.217746326,0,0,0,37.12605644,4.652133322,132.8995394,75.79286395,16.76308345,16.02456208,23.39291722,22.73756289,0.064290645,0.98,3
Liaoning,Tieling,2638000,203.7339231,7,0.341167551,0,0,0,36.35999376,2.605207453,135.4015571,71.1967817,8.478777176,18.71800412,26.34486647,19.88508539,-0.067543033,0.948,2
Liaoning,Dalian,6988000,558.8922289,18,0.386376646,0,0,0,33.40540813,2.574467162,107.4409879,60.46630707,7.19230247,17.33302963,27.06500756,14.60631511,-0.012740791,0.974,3
Liaoning,Jinzhou,3050000,305.7977947,12,0.393442623,0,0,0,30.65772046,2.747095243,122.7404643,70.89982251,11.58230025,18.9240751,27.53725671,27.58209193,-0.017131562,0.98,2
Liaoning,Shenyang,8294000,643.3432462,31,0.421991801,0,0,0,36.52091387,3.815252388,132.0640371,81.39046622,9.641938516,21.67443132,25.75126556,29.38594732,0.163148445,0.89,3
Liaoning,Fuxin,1766000,171.2896892,8,0.453001133,0,0,0,26.72196728,2.185940477,106.4229613,80.65770254,13.24229246,14.33419196,21.98699574,27.57712081,0.401366679,0.718,3
Liaoning,Dandong,2395000,162.0562155,11,0.459290188,0,0,0,25.75504619,1.330278477,112.2751213,59.8964671,13.22705699,13.76913036,22.66693905,18.25544805,-0.012897385,0.976,2
Liaoning,Huludao,2547000,247.2298537,12,0.471142521,1,0.039261877,8.333333333,30.24959845,2.551463132,117.5192645,74.3118592,14.05568575,18.75458173,26.19368422,24.30718169,-0.061524098,0.948,2
Liaoning,Panjin,1437000,395.5513457,11,0.765483646,0,0,0,34.87397324,3.243914531,117.539333,61.79456867,11.80889556,13.90857776,28.7046915,14.58823687,-0.171202382,0.818,2
Macao SAR,Macao,653100,19136.39023,45,6.890215893,0,0,0,28.70413528,5.239086426,,,,,,,-0.141347008,0.992,4
Nei Mongol,Alxa,249400,1.036078396,0,0,0,0,,5.617033056,0.187148858,92.89067439,56.48803281,6.87889494,5.389929587,35.75102401,5.005894127,3.824046912,0.002,3
Nei Mongol,Xing'an,1607900,30.02775563,1,0.062192922,0,0,0,9.845576085,0.407103596,69.33421751,35.86914235,4.514588859,6.021220159,25.6899017,3.274977896,2.528930427,0.01,3
Nei Mongol,Ulaan Chab,2096100,38.34052419,3,0.143122943,0,0,0,10.16091748,0.635323249,98.46278027,48.06367713,4.411659193,12.64573991,31.05812897,8.50941704,2.469950281,0.008,3
Nei Mongol,Chifeng,4321800,50.92292333,9,0.208246564,0,0,0,12.56214767,0.442651097,99.51811713,70.2306845,9.120899682,12.14172872,28.32842083,23.07614126,1.685650736,0.08,3
Nei Mongol,Tongliao,3133200,52.8678478,7,0.223413762,0,0,0,18.51020532,0.884836345,98.05675322,65.38870948,7.841446278,8.057344815,23.91664918,7.565151298,1.332686776,0.192,3
Nei Mongol,Hohhot,3126400,160.354249,7,0.223899693,0,0,0,15.64398212,1.73947249,81.31168831,39.94155844,27.01298701,22.66883117,15.97402597,34.66233766,2.338905188,0.014,3
Nei Mongol,Hulunbuir,2530100,10.01538591,9,0.276668906,0,0,0,7.257348291,0.240178753,86.10885568,45.37293637,4.134285949,9.225952372,20.241511,4.836696381,2.572360161,0.008,3
Nei Mongol,Wuhai,563300,365.5149081,2,0.355050595,0,0,0,12.09446946,1.770208336,111.1381587,88.25492117,9.184092114,11.97806287,28.46750183,24.58315119,2.198969547,0.01,3
Nei Mongol,Baotou,2888700,114.0322555,11,0.380794129,0,0,0,8.758107951,0.577019467,116.8265051,89.86655858,13.42849994,20.8463273,25.38479258,22.98836723,2.474991307,0.004,3
Nei Mongol,Baynnur,1689700,26.25845527,8,0.473456827,1,0.059182103,12.5,6.69541538,0.365491787,92.91215617,59.54569654,4.617568767,10.71783496,26.72423146,11.35758651,2.37606946,0.008,3
Nei Mongol,Ordos,2078400,23.93041137,11,0.529253272,0,0,0,12.63925188,0.782657827,89.58179393,55.12258718,6.181004489,10.00673733,39.50533469,15.52286295,3.517299491,0.002,3
Nei Mongol,Xilin Gol,1054800,5.190356058,9,0.853242321,0,0,0,7.672740687,0.211422319,48.77955215,41.29284523,5.282247156,3.723181667,19.05487371,9.240989675,2.568280539,0.004,3
Ningxia Hui,Shizuishan,802978,182.5500139,1,0.124536413,0,0,0,14.15600194,1.52270922,112.0172608,82.10134234,8.308158754,12.90280722,23.51683461,29.90322922,2.371432268,0.006,3
Ningxia Hui,Zhongwei,1157525,93.13765093,4,0.345564891,0,0,0,20.89691015,0.504333332,,,,,,,1.620841911,0.108,3
Ningxia Hui,Guyuan,1228237,108.8197607,5,0.407087557,0,0,0,24.35832552,0.408498598,,,,,,,1.135919408,0.266,3
Ningxia Hui,Yinchuan,2225391,308.3731862,36,1.61769325,0,0,0,18.15698763,1.278369369,111.9021468,80.12684195,9.930856915,16.54989429,25.31294809,22.79209227,2.273719809,0.01,3
Ningxia Hui,Wuzhong,1403742,84.92159419,28,1.994668536,0,0,0,20.51307175,0.530094118,,,,,,,2.307792575,0.022,3
Qinghai,Golog Tibetan,205660,2.681729759,0,0,0,0,,3.08548773,0.079422043,,,,,,,4.310683387,0.002,3
Qinghai,GyÃªgu Tibetan,409500,1.675430404,0,0,0,0,,2.44561286,0.061542787,,,,,,,4.349401374,0.002,3
Qinghai,Haidong,1470800,112.900367,0,0,0,0,,18.66935167,0.42357252,112.5974146,71.93721145,10.92982456,15.14127424,28.7593985,13.24284395,3.052573493,0.002,3
Qinghai,Hainan Tibetan,472400,10.41708573,0,0,0,0,,7.579465677,0.115074157,,,,,,,3.269465715,0.004,3
Qinghai,Haixi Mongol and Tibetan,515000,1.838053353,0,0,0,0,,5.612456769,0.063327668,88.95916515,64.90108893,6.695099819,4.44646098,40.61658986,8.078039927,4.223817406,0.002,3
Qinghai,Huangnan Tibetan,272500,15.31674924,0,0,0,0,,8.363415433,0.143593074,,,,,,,2.603760668,0.002,3
Qinghai,Xining,2355000,327.7878808,15,0.636942675,0,0,0,14.49771886,0.387389668,124.1845187,74.7894419,11.81493366,12.45724627,24.8283477,13.46005591,2.144475574,0.026,3
Qinghai,Haibei Tibetan,283000,9.109523512,3,1.060070671,0,0,0,8.385211193,0.082072202,,,,,,,3.023985739,0.002,3
Shaanxi,Yulin,3403300,78.91621395,3,0.088149737,0,0,0,19.33951891,0.960545863,85.85046697,55.62922756,11.37534195,13.7964528,20.26892989,6.998585122,1.687107966,0.084,3
Shaanxi,Weinan,5382900,409.5144661,15,0.278660202,0,0,0,37.66148693,3.199389318,134.3879243,86.34169107,9.53617014,19.84178108,21.36102382,14.73201948,0.448745414,0.706,3
Shaanxi,Shangluo,2381300,121.3744611,7,0.293957082,0,0,0,22.26603514,0.650818339,93.42942951,47.86527949,12.9381254,10.35718124,24.40895331,9.122817117,0.004837099,0.996,3
Shaanxi,Xianyang,5210000,438.8852032,17,0.326295585,0,0,0,33.85238968,1.954778713,143.5597991,90.95779271,12.33137123,17.26666321,21.20008988,13.38103263,0.524801556,0.614,3
Shaanxi,Baoji,3781000,208.545388,13,0.343824385,0,0,0,25.93305235,0.962720615,143.6176072,80.93500596,15.83981039,15.23821666,19.06001981,13.2317187,0.49902174,0.65,3
Shaanxi,Yan'an,2263100,61.24501478,8,0.353497415,0,0,0,20.6177006,0.674778077,115.0218385,75.62626067,18.90671597,24.40689308,24.08506424,14.04223824,0.611355252,0.546,3
Shaanxi,Hanzhong,3449300,127.0387349,26,0.753776128,0,0,0,24.06362038,0.479909434,104.8851651,48.84066805,10.68369618,10.33368264,23.86437314,5.352831679,0.677176723,0.484,3
Shaanxi,Tongchuan,833400,360.2700449,8,0.959923206,0,0,0,25.79403937,1.223696967,135.4969652,76.82344214,17.38710548,18.07283518,14.33396277,29.33295117,0.041729274,0.992,3
Shaanxi,Ankang,2661000,113.7309129,26,0.977076287,0,0,0,23.34055044,0.463076923,126.3629556,72.11732401,25.18522217,16.36181909,17.9323574,40.5807904,0.594314814,0.558,3
Shaanxi,Xi'an,8989000,881.8773539,120,1.334964957,3,0.033374124,2.5,34.32553425,2.99713333,125.4309283,86.95492566,14.65436044,18.60083224,17.93619924,12.10995743,0.434800845,0.702,3
Shandong,Dongying,2154600,289.7754555,0,0,0,0,,57.34559246,4.379203697,140.7331838,96.34685779,10.19241669,21.05435178,38.19778567,30.15825237,-2.86044655,0.006,2
Shandong,Laiwu,1376000,655.5248611,0,0,0,0,,53.0130967,4.47488887,165.3817297,94.53341498,15.22768274,23.45306055,23.14918832,35.74409083,-3.236308136,0.002,2
Shandong,Heze,8736000,719.8081678,18,0.206043956,0,0,0,60.71814077,3.732235299,167.1587359,107.4574615,12.78798161,18.68740451,34.98546728,22.98648323,-4.469956275,0.002,2
Shandong,Binzhou,3912300,452.2416392,15,0.383406181,0,0,0,62.84676154,4.403992423,150.490141,89.33315653,14.91498253,22.60632603,22.78320394,29.63129043,-4.690565719,0.002,2
Shandong,Linyi,10563400,615.7687642,49,0.463865801,0,0,0,49.31171665,4.18553102,153.8899475,115.3282507,14.27100557,25.78878421,24.61078981,25.12058363,-4.132805713,0.002,2
Shandong,Weifang,9363000,595.207592,44,0.46993485,0,0,0,48.67627096,4.531796534,142.2183216,95.3015956,8.663464451,20.01397989,38.53207861,24.95767365,-2.863860679,0.012,2
Shandong,Rizhao,2916500,553.018385,16,0.548602777,0,0,0,44.69079974,3.854246912,120.3019989,75.12878075,7.543762159,16.43774919,31.50081476,14.99513067,-2.121849911,0.042,2
Shandong,Zaozhuang,3920300,634.1491351,24,0.612198046,0,0,0,54.59834897,5.124172015,162.7539058,112.0431289,8.301947108,18.7782427,39.64298322,33.33180245,-2.600937379,0.016,2
Shandong,Tai'an,5645100,737.2643262,35,0.620006732,2,0.035428956,5.714285714,58.73380798,4.54970562,143.164192,90.50404752,13.53446603,20.07583548,24.5451596,23.31665104,-4.830003655,0.002,2
Shandong,Liaocheng,6064300,703.945492,38,0.626618076,0,0,0,65.82471547,4.480194764,165.9244812,110.1407406,15.19854611,22.00998432,24.75886776,23.75403344,-4.577591196,0.002,2
Shandong,Zibo,4708400,727.6589244,30,0.63715912,1,0.021238637,3.333333333,55.68798666,5.547101003,156.2746779,106.2647018,17.56734351,28.57149829,24.00723865,39.55358388,-4.23507956,0.002,2
Shandong,Dezhou,5795800,563.3157907,37,0.638393319,2,0.034507747,5.405405405,68.75918947,4.630069157,169.48135,105.9857424,13.30569155,22.00808485,30.50643425,23.40277658,-5.495968774,0.002,2
Shandong,Jinan,7321200,900.1417358,47,0.641971262,0,0,0,62.75518047,5.215265835,153.3778415,107.1482525,10.96348426,24.53315743,34.89613643,30.2108806,-5.057057148,0.002,2
Shandong,Qingdao,9290500,848.6805236,65,0.656584683,1,0.010763683,1.639344262,44.02194949,3.939642421,118.3524619,70.69386677,8.158650028,19.10971562,31.87559866,16.37682298,-1.41995876,0.162,2
Shandong,Yantai,7089400,520.6730687,47,0.662961605,0,0,0,39.30482911,3.46242857,111.1959998,63.46648661,7.054881537,17.69494918,31.99775617,13.27887175,-1.30712329,0.194,2
Shandong,Weihai,2825600,505.834984,38,1.344847112,1,0.035390713,2.631578947,33.68715047,3.039181266,97.4252991,56.15486675,5.243820601,12.23208468,39.02413336,10.08520804,-0.553278359,0.528,2
Shandong,Jining,8375900,878.7690948,260,3.104144032,0,0,0,60.3248371,5.055702886,155.5757916,97.37401842,11.46044423,20.84059151,28.3347061,30.22507761,-4.288174611,0.002,2
Shanghai,Shanghai,24183000,3513.049525,667,2.282595212,7,0.028945954,1.268115942,48.13648588,13.75097433,116.4858381,56.53327677,7.11708711,21.46388203,35.04897813,8.954382476,-1.849562555,0.082,2
Shanxi,Linfen,4500264,224.5616735,2,0.044441837,0,0,0,28.29558661,2.125504954,126.6888807,68.21764952,23.18067208,16.1405807,20.47827348,27.78277883,0.36100944,0.75,3
Shanxi,Luliang,3885602,184.7952533,6,0.154416227,0,0,0,22.668632,1.772606917,109.3824365,62.9091603,20.98156353,13.57317655,14.67312215,27.96791797,1.162052749,0.246,3
Shanxi,Xinzhou,3171991,126.1625111,7,0.220681585,0,0,0,19.21182036,1.524694763,125.3150777,70.8834198,18.61190696,15.24171761,22.92551158,28.4412267,0.995682542,0.334,3
Shanxi,Changzhi,3468210,248.0759371,8,0.23066654,0,0,0,25.72845809,2.861091784,137.1430942,81.2877296,19.36799671,19.34843026,30.52546968,23.88611165,-1.42741915,0.166,2
Shanxi,Yangquan,1414360,309.2641482,4,0.282813428,0,0,0,26.3172382,3.766304327,142.5539998,111.9909194,16.30189606,24.88781811,26.94771771,36.38276827,0.027175654,1,3
Shanxi,Datong,3455996,247.137987,12,0.347222624,0,0,0,20.35503068,2.43164841,105.7439345,70.28501688,16.51857026,14.54699768,28.8531575,22.85231581,1.210156138,0.244,3
Shanxi,Yuncheng,5359652,375.7295825,19,0.354500628,0,0,0,36.7973509,3.093763592,134.867823,77.22593936,19.51925816,14.1671664,28.57669949,26.48581092,-0.118085985,0.872,2
Shanxi,Jincheng,2343106,248.8714058,10,0.426783936,0,0,0,29.08508668,3.434422926,128.357715,88.84423176,17.47692798,17.66539539,19.60768607,28.17058451,-1.185368296,0.246,2
Shanxi,Shuozhou,1781219,166.4713716,8,0.449130623,0,0,0,18.62342862,2.325168157,121.3255719,62.27807023,11.10319948,16.22057773,29.54451828,35.58362392,1.8702189,0.046,3
Shanxi,Taiyuan,4421458,634.1204022,21,0.452339477,0,0,0,26.0978322,3.656314823,120.9856558,79.06408216,13.80463604,15.71022622,18.45829355,26.95529363,0.94535345,0.366,3
Shanxi,Jinzhong,3381576,206.5908272,37,1.094164378,0,0,0,26.86666286,2.740891479,123.8362123,73.47620151,13.01005665,15.57601611,20.4145585,28.83130197,-0.869879109,0.424,2
Sichuan,Leshan,3272100,272.4523336,3,0.091684239,0,0,0,24.79412575,1.110366664,121.5051155,61.40295149,9.669949509,14.31748334,24.46349677,9.979100602,0.612434207,0.566,3
Sichuan,Ngawa Tibetan and Qiang,940100,11.1890072,1,0.106371663,0,0,0,7.64816606,0.215036375,41.95215107,19.95750471,2.563273184,4.770896083,17.87739069,3.131681786,1.823284835,0.064,3
Sichuan,Ziyang,2553100,321.6847398,4,0.156672281,0,0,0,39.27648552,1.227511114,108.3735236,63.32966764,8.151840684,9.179371835,36.77854362,19.16989722,-1.104696228,0.296,2
Sichuan,Guangyuan,2660000,164.0870854,6,0.22556391,0,0,0,27.23269816,0.526219409,63.52580588,41.15409532,6.157845879,12.49220233,28.21119463,9.156681557,0.598534894,0.586,3
Sichuan,Yibin,4530000,341.1370184,12,0.264900662,0,0,0,28.33795663,1.305042008,126.7613622,63.27244172,8.533569891,13.90094655,21.6242667,12.72954086,1.100269854,0.284,3
Sichuan,Liangshan Yi,4835200,80.58017189,13,0.268861681,0,0,0,8.059253563,0.184334365,67.4757793,32.25587171,7.534726797,7.376695009,32.60085512,8.956938228,3.499272093,0.002,3
Sichuan,Meishan,2974800,367.8617072,8,0.268925642,0,0,0,38.43297921,1.452142219,131.681758,67.59024004,6.360973826,13.52530563,26.35064317,7.799747045,-0.583803493,0.554,2
Sichuan,Zigong,2901400,663.4593832,9,0.310195078,0,0,0,38.01499131,1.588857134,140.9564002,74.14214906,8.377183005,12.55501992,21.1143848,10.38249124,-0.172216053,0.866,2
Sichuan,Mianyang,4835600,239.292003,22,0.454959054,0,0,0,27.52063127,0.775173912,114.3002344,56.96232914,7.980033849,16.80380575,25.70039758,7.349768173,0.555736081,0.59,3
Sichuan,Ya'an,1537800,102.3767709,7,0.455195734,0,0,0,20.95242817,0.501488372,91.08810127,46.56080788,7.7325964,9.515393365,17.83504566,5.523057936,1.51351633,0.126,3
Sichuan,Deyang,3531600,592.2723718,18,0.509683996,0,0,0,39.66562847,1.476790957,117.9660503,62.30325951,8.831155461,14.82762857,30.01625088,8.346031935,0.012720078,0.998,2
Sichuan,Suining,3235900,607.7177663,17,0.525356161,0,0,0,35.98995797,0.878555552,116.500455,64.45222059,8.862413985,12.6510573,31.54508216,8.25238698,-0.590416293,0.524,2
Sichuan,Luzhou,4317200,353.0365429,24,0.555915871,0,0,0,29.08630279,1.3288538,124.0061468,60.49490834,6.240479062,14.28187141,31.2233245,10.86726748,0.385263423,0.732,3
Sichuan,Neijiang,3753700,696.7256151,22,0.586088393,0,0,0,39.63764151,1.611148936,129.5245277,61.50122099,6.391109658,12.87317817,27.87537126,11.09140242,-0.57366799,0.556,2
Sichuan,Nanchong,6417900,510.2150354,39,0.607675408,0,0,0,33.80761133,0.726927775,135.7750923,67.46628901,7.797373429,16.11491784,18.36772382,9.579389091,0.027901707,0.986,3
Sichuan,Bazhong,3316700,269.6528484,24,0.723610818,0,0,0,27.27607239,0.467178571,85.17838551,43.39611868,8.014334313,11.92745775,19.48476199,2.884979905,0.282284603,0.806,3
Sichuan,Dazhou,5689500,343.804987,42,0.738201951,0,0,0,29.31810922,0.769925926,128.0153139,64.81099056,9.367135237,15.48898928,17.10314757,5.612469365,0.318206027,0.782,3
Sichuan,Guang'an,3250300,511.7851272,30,0.922991724,0,0,0,36.90227478,1.402321422,108.4584362,61.38353909,7.455967078,10.76213992,25.07660283,10.77119342,-0.152163365,0.888,2
Sichuan,Chengdu,16044700,1476.748973,168,1.028376972,3,0.018697763,1.818181818,44.8160015,2.562299314,130.9328211,73.02557576,9.867846833,24.09288896,27.97132958,7.870872973,0.284440235,0.754,3
Sichuan,Panzhihua,1236100,166.4986952,16,1.294393657,0,0,0,11.41655164,0.551844446,95.34954276,56.73618305,14.93472677,15.26452514,22.23721007,18.97594606,2.228050118,0.018,3
Sichuan,GarzÃª Tibetan,1186300,8.031056345,78,6.575065329,0,0,0,2.553971426,0.113489633,,,,,,,-3.990326363,0.002,4
Spratly Islands,Spratly Islands,,,,,,,,,,,,,,,,,,
Taiwan,Taiwan,23603121,648.3245396,441,1.605719854,7,0.021183639,1.319261214,6.874875628,1.480649625,,,,,,,#NAME?,0.002,3
Tianjin,Tianjin,15569000,1330.812519,192,1.162566639,3,0.01926906,1.657458564,65.84281475,6.093620603,134.9772081,84.08845341,13.95421642,21.39236239,21.00883407,16.72570663,-3.060327111,0.004,2
Xinjiang Uygur,Aksu,2546000,19.46551191,1,0.039277298,0,0,0,9.077772009,0.15046334,118.9752358,127.247035,7.853238965,12.44456493,28.67313426,8.56668182,2.1374216,0.012,3
Xinjiang Uygur,Bayin'gholin Mongol,1279300,2.700849113,3,0.234503244,0,0,0,6.042183728,0.086578871,118.3123328,104.872456,9.209316366,12.41653792,22.91185898,5.228373892,4.578192216,0.002,3
Xinjiang Uygur,Changji Hui,1610000,20.75766621,4,0.248447205,0,0,0,9.653651368,0.511864328,102.6746889,76.17176132,9.665351248,14.60793011,23.31135992,8.033753178,2.591737854,0.006,3
Xinjiang Uygur,Turfan,637300,9.222969594,3,0.470735917,0,0,0,7.240418223,0.251989233,124.5281818,104.2354545,14.87909091,15.19545455,20.21799629,9.247272727,2.477109933,0.008,3
Xinjiang Uygur,Shihezi,770886,1573.152043,4,0.518883467,1,0.129720867,25,19.09102959,2.207733321,,,,,,,1.379088325,0.208,3
Xinjiang Uygur,Ili Kazakh,2936400,52.26842573,18,0.612995505,0,0,0,8.775541235,0.326237288,92.68666159,56.08150995,15.12858701,13.43029149,20.67716728,7.882159575,2.0810302,0.026,3
Xinjiang Uygur,ÃrÃ¼mqi,3500000,341.7728673,23,0.657142857,0,0,0,12.74693569,1.244207407,128.5622022,103.4753673,13.5013362,24.55646841,15.7711654,10.26027504,2.522282211,0.004,3
Xinjiang Uygur,Altay,671600,5.719324894,,,,,,5.713810838,0.120792243,41.81867634,20.47960109,8.395454545,7.636446056,25.84651163,9.402538531,,,
Xinjiang Uygur,BÃ¶rtala Mongol,475400,19.27414812,,,,,,9.074156971,0.385007937,,,,,,,,,
Xinjiang Uygur,Hami,572400,4.199020905,,,,,,4.568128664,0.102819111,,,,,,,,,
Xinjiang Uygur,Karamay,442800,56.80993808,,,,,,10.22409723,0.512029961,88.54366253,55.54905564,11.17497122,12.73865071,33.20867078,4.57650864,,,
Xinjiang Uygur,Kashgar,4649700,40.9964173,,,,,,9.102323726,0.133348148,163.7312421,170.2681728,11.79220328,13.46655669,23.48583608,7.028928205,,,
Xinjiang Uygur,Khotan,2522800,10.12352119,,,,,,5.819673438,0.09378508,,,,,,,,,
Xinjiang Uygur,Kizilsu Kirghiz,620600,9.182444994,,,,,,7.46826296,0.109060185,,,,,,,,,
Xinjiang Uygur,Tacheng,1219369,12.83527575,,,,,,8.804667796,0.353470232,95.47762999,56.34719711,10.98891786,3.75,27.73288916,2.708876474,,,
Xizang,Chamdo,657505,6.191835516,0,0,0,0,,2.075932832,0.063546975,54.56570049,20.93252428,12.5632301,6.99643427,22.47760747,2.615237512,4.064079095,0.002,3
Xizang,Nagchu,462381,1.178040001,0,0,0,0,,2.843029424,0.067374261,112.5821123,86.21598263,16.69486321,8.994579062,20.58386649,16.05621311,4.823749337,0.002,3
Xizang,Ngari,95465,0.32573109,0,0,0,0,,2.706872271,0.073248506,55.45455603,30.70803572,8.657444168,4.010661011,21.97772544,6.641661099,2.570068273,0.002,3
Xizang,Nyingtri,195109,2.418337737,0,0,0,0,,3.150378934,0.068444444,38.20209424,23.58693564,3.660098522,3.16848816,26.47843531,2.747723133,4.34357593,0.002,3
Xizang,Shannan,328990,6.951296325,0,0,0,0,,2.927577197,0.101539216,42.10435572,24.24954628,6.650865998,3.172413793,26.88461538,1.851179673,3.181696761,0.002,3
Xizang,Shigatse,703292,3.88936983,0,0,0,0,,3.587022818,0.082738136,59.83624667,29.94149357,4.020605164,6.745665465,30.3786365,3.734104677,3.780501981,0.002,3
Xizang,Lhasa,559423,18.92389268,1,0.178755611,0,0,0,2.686134588,0.088938967,72.27120064,44.56902238,6.788926137,6.746754721,34.52992582,5.219713158,3.603836275,0.002,3
Yunnan,DÃªqÃªn Tibetan,414000,17.8875569,0,0,0,0,,4.830504783,0.068627451,52.04109819,26.28500996,6.577285033,5.280702927,16.8366619,5.600859222,4.055155039,0.002,3
Yunnan,Nujiang Lisu,553000,38.0719241,0,0,0,0,,8.014211571,0.08837037,58.98154982,30.2601476,4.443726937,3.738929889,23.0754717,2.958487085,3.17901011,0.002,3
Yunnan,Lincang,2536000,107.5881133,1,0.039432177,0,0,0,17.11796378,0.095873016,72.23332247,34.51196121,7.545972851,6.015108708,24.92263996,7.131560009,1.698628128,0.072,3
Yunnan,Wenshan Zhuang and Miao,3654000,116.0681369,2,0.054734537,0,0,0,17.44504967,0.293419664,86.95987023,35.21748695,5.323643321,6.042166831,26.03681789,4.555763308,1.266009747,0.218,3
Yunnan,Chuxiong Yi,2748000,96.5602834,4,0.145560408,0,0,0,14.59007661,0.168236221,65.68396514,30.54478637,5.66356007,8.374072686,17.26253718,10.94304569,2.909726861,0.002,3
Yunnan,Pu'er,2637000,59.8373527,4,0.151687524,0,0,0,20.16700417,0.106431272,,,,,,,1.978767518,0.044,3
Yunnan,Honghe Hani and Yi,4744000,147.5691558,9,0.189713322,0,0,0,20.6843116,0.200090593,82.53284514,42.55211823,3.043371095,4.582545058,33.55817042,9.653416154,1.941181873,0.04,3
Yunnan,Qujing,6155400,213.4090279,13,0.211196673,0,0,0,15.49044494,0.569260131,90.48383766,43.67840621,8.966455479,8.237413932,24.00592428,12.10394551,2.615650081,0.012,3
Yunnan,Baoshan,2627000,137.7230628,9,0.342596117,0,0,0,15.24473577,0.085875243,86.00147875,42.0289077,6.997600489,7.312370603,28.6715847,6.455742609,2.223075291,0.016,3
Yunnan,Dali Bai,3599300,126.9435419,13,0.361181341,0,0,0,11.98080215,0.120808,72.97406082,24.05925251,3.692307692,6.76744186,26.9270073,3.039355993,2.835912893,0.002,3
Yunnan,Dehong Dai and Jingpo,1316000,118.2321655,5,0.37993921,0,0,0,16.82424034,0.070253333,74.53846154,45.63736264,6.254578755,8.765567766,39.16945996,11.4459707,0.993051393,0.32,3
Yunnan,Zhaotong,5591000,248.4628886,25,0.447147201,0,0,0,15.56132761,0.443603866,77.30694408,42.79262197,6.864325069,6.857260287,34.19631273,14.87425205,1.442504386,0.154,3
Yunnan,Lijiang,1296000,63.0962373,7,0.540123457,0,0,0,8.125240391,0.174456989,49.33804004,24.48807089,5.307357709,4.170057988,27.90322764,3.999377803,3.328774265,0.002,3
Yunnan,Yuxi,2386000,159.0971772,14,0.586756077,1,0.041911148,7.142857143,19.10749826,0.197868687,80.47857529,40.80516393,12.80064722,9.134692186,19.12332314,10.9612818,1.704238135,0.098,3
Yunnan,Kunming,6850000,326.0012638,53,0.773722628,0,0,0,16.18033253,0.322969036,81.82762416,44.52776071,8.395589847,12.53933606,23.51355069,8.643535416,2.164004703,0.034,3
Yunnan,Xishuangbanna Dai,1188000,61.82015624,15,1.262626263,1,0.084175084,6.666666667,26.97707241,0.119337278,71.71052064,42.82090118,5.993002614,8.015245043,30.55847434,4.387090608,0.709222334,0.506,3
Zhejiang,Huzhou,2995000,516.128418,10,0.333889816,0,0,0,44.89080174,4.446093545,123.8395292,57.98443654,8.699011804,19.57707251,31.38227514,9.734654564,-2.258590054,0.024,2
Zhejiang,Quzhou,2185000,246.7628482,14,0.640732265,0,0,0,28.68473993,1.504641974,113.7221445,54.24403012,9.042426756,14.74762706,29.51229759,11.14217708,0.419717456,0.718,3
Zhejiang,Lishui,2186000,127.1070499,17,0.777676121,0,0,0,21.46601644,0.796525637,106.8515864,48.49806702,6.670916748,14.29995324,25.18609609,6.469573558,1.061704558,0.294,3
Zhejiang,Shaoxing,5010000,629.8697817,42,0.838323353,0,0,0,34.27958008,3.265360747,120.4182127,60.04267487,8.656447604,18.60808927,24.82431037,12.90396808,0.06691825,0.962,3
Zhejiang,Zhoushan,1168000,948.1261838,10,0.856164384,0,0,0,27.1627888,5.152222157,90.78353538,42.13649024,7.295030552,9.447344849,39.14063032,3.779009233,#NAME?,0.002,3
Zhejiang,Jiaxing,4656000,1170.144296,46,0.987972509,0,0,0,50.24374928,5.676450433,121.5307213,59.59823727,8.280133156,20.27526255,33.784743,11.87032365,-1.962903984,0.072,2
Zhejiang,Jinhua,5564000,509.4997175,55,0.988497484,0,0,0,30.58645776,2.163150328,123.7518156,58.45745783,9.373545575,19.23564583,29.90859389,13.01502506,0.374317656,0.722,3
Zhejiang,Hangzhou,9468000,554.691188,181,1.911702577,0,0,0,34.43149855,3.09573672,119.5907297,62.48337038,8.165354353,18.62134495,28.01229467,8.245874392,-0.964278963,0.34,2
Zhejiang,Ningbo,8005000,897.5006079,157,1.961274204,0,0,0,31.12353264,4.493325375,109.2252522,54.75720354,8.1225181,17.19641065,28.1713553,9.429598535,0.139821037,0.946,3
Zhejiang,Taizhou,6118000,646.481961,146,2.386400785,0,0,0,24.2155189,1.917639856,110.6910086,51.97714656,7.693233485,11.70973266,34.97994616,4.330181149,0.443954718,0.692,3
Zhejiang,Wenzhou,9215000,808.6770303,504,5.469343462,1,0.010851872,0.198412698,22.07812853,1.582114277,108.5754309,54.78967085,9.648083895,21.12341902,25.68440969,7.986291078,-1.074148376,0.28,4
