Country/Re,Province/S,Code,Population,Beds,Deaths,Recovered,Severe,Critical,Confirmed,Emergencie,CO_mean,NO2_mean,O3_mean,SO2_mean,Aerosol_me,HCHO_mean,pop2,pop_dens,deaths_100,PM25_sat_m,NO2_sat_me,Z-score,p-value,q-value
France,Ain,"01","{ ""Total"": 656955, ""Under19"": 167666, ""Under39"": 151084, ""Under59"": 179469, ""Under74"": 104453, ""Over75"": 54283 }","{ ""Resuscitation"": 22, ""IntensiveCare"": 20, ""Total"": 42 }","94","97","119","33","118","{ ""Suspected"": 55, ""Total"": 335, ""Severe"": 26 }",0.031069449491479,0.000032220912166,0.143589229009642,0.000064878674733,-1.140804716461997,0.000096642107379,"656955",113.531000000000006,14.308438173086437,11.259774942161107,2.680161915506635,-0.1491896689,0.8600000000,2.0000000000
France,Aisne,"02","{ ""Total"": 526050, ""Under19"": 129852, ""Under39"": 114042, ""Under59"": 135164, ""Under74"": 98046, ""Over75"": 48946 }","{ ""Resuscitation"": 34, ""IntensiveCare"": 110, ""Total"": 144 }","252","218","255","40","59","{ ""Suspected"": 102, ""Total"": 506, ""Severe"": 29 }",0.032300155695811,0.000040157462363,0.145385277344671,0.000074023756215,-1.063682321516681,0.000077453545784,"526050",70.988000000000000,47.904191616766468,13.839804556160097,3.772681158521901,3.6208796501,0.0020000000,1.0000000000
France,Allier,"03","{ ""Total"": 331315, ""Under19"": 66659, ""Under39"": 61490, ""Under59"": 85304, ""Under74"": 72079, ""Over75"": 45783 }","{ ""Resuscitation"": 24, ""IntensiveCare"": 56, ""Total"": 80 }","37","65","52","19","38","{ ""Suspected"": 47, ""Total"": 231, ""Severe"": 25 }",0.031027589385982,0.000024910039185,0.143746980392566,0.000070152515454,-1.095455369778836,0.000095349231296,"331315",44.909999999999997,11.167619938729004,9.546420423648827,1.597398363962406,0.5616159659,0.5980000000,3.0000000000
France,Alpes-de-Haute-Provence,"04","{ ""Total"": 165197, ""Under19"": 34281, ""Under39"": 30814, ""Under59"": 43423, ""Under74"": 35681, ""Over75"": 20998 }","{ ""Resuscitation"": 6, ""IntensiveCare"": 0, ""Total"": 6 }","11","56","35","7","22","{ ""Suspected"": 15, ""Total"": 205, ""Severe"": 8 }",0.027379825183528,0.000019080467154,0.142319165057480,0.000053274760386,-1.139527909135661,0.000088583140647,"165197",23.617999999999999,6.658716562649443,7.355855101726134,0.860254386930089,1.3776524607,0.1540000000,3.0000000000
France,Hautes-Alpes,"05","{ ""Total"": 141756, ""Under19"": 30280, ""Under39"": 27715, ""Under59"": 37829, ""Under74"": 29047, ""Over75"": 16885 }","{ ""Resuscitation"": 8, ""IntensiveCare"": 0, ""Total"": 8 }","17","48","64","17","42","{ ""Suspected"": 44, ""Total"": 220, ""Severe"": 14 }",0.025359066207186,0.000014674984822,0.141900892318656,0.000041847471143,-1.103789354600655,0.000068760649714,"141756",24.917999999999999,11.992437709867660,7.353596159287149,0.611719294598228,1.1000850700,0.2700000000,3.0000000000
France,Alpes-Maritimes,"06","{ ""Total"": 1079396, ""Under19"": 226862, ""Under39"": 232814, ""Under59"": 282249, ""Under74"": 198428, ""Over75"": 139043 }","{ ""Resuscitation"": 89, ""IntensiveCare"": 182, ""Total"": 271 }","174","192","252","81","194","{ ""Suspected"": 96, ""Total"": 1019, ""Severe"": 53 }",0.027846670955555,0.000024846716336,0.142386933641828,0.000042200524194,-1.140757981068596,0.000084378289947,"1079396",251.472000000000008,16.120126441083716,9.273801172262411,1.417305543397864,1.3463671186,0.1700000000,3.0000000000
France,Corse-du-Sud,2A,"{ ""Total"": 162421, ""Under19"": 31630, ""Under39"": 34910, ""Under59"": 45312, ""Under74"": 31004, ""Over75"": 19565 }","{ ""Resuscitation"": 10, ""IntensiveCare"": 30, ""Total"": 40 }","47","48","101","24","207","{ ""Suspected"": 9, ""Total"": 116, ""Severe"": 9 }",0.029821311278239,0.000023006732508,0.143439245508069,0.000054751003177,-1.154436126147902,0.000090342897187,"162421",40.427000000000000,28.937144827331444,6.608479267525640,0.720857144821258,-1.1513853921,0.2520000000,4.0000000000
France,Haute-Corse,2B,"{ ""Total"": 182258, ""Under19"": 36925, ""Under39"": 42075, ""Under59"": 47863, ""Under74"": 34671, ""Over75"": 20724 }","{ ""Resuscitation"": 8, ""IntensiveCare"": 12, ""Total"": 20 }","10","70","19","3","56","{ ""Suspected"": 93, ""Total"": 141, ""Severe"": 93 }",0.029875111822305,0.000023756523860,0.143418019181413,0.000063577723573,-1.242401217592104,0.000092124653916,"182258",38.738000000000000,5.486727605921276,7.472836708382659,0.739270435751609,1.5855112994,0.0740000000,3.0000000000
France,ArdÃ¨che,"07","{ ""Total"": 326875, ""Under19"": 70594, ""Under39"": 61093, ""Under59"": 88160, ""Under74"": 68490, ""Over75"": 38538 }","{ ""Resuscitation"": 8, ""IntensiveCare"": 0, ""Total"": 8 }","101","150","106","19","128","{ ""Suspected"": 33, ""Total"": 183, ""Severe"": 10 }",0.029942793450273,0.000024737533741,0.142906298426110,0.000075763653104,-1.188788540035384,0.000096788620732,"326875",58.740000000000002,30.898661567877628,9.403331727251453,1.588750006165355,-1.4990100273,0.1300000000,4.0000000000
France,Ardennes,"08","{ ""Total"": 265531, ""Under19"": 60337, ""Under39"": 55870, ""Under59"": 70459, ""Under74"": 52021, ""Over75"": 26844 }","{ ""Resuscitation"": 12, ""IntensiveCare"": 42, ""Total"": 54 }","53","37","80","18","3","{ ""Suspected"": 4, ""Total"": 276, ""Severe"": 4 }",0.032154316620573,0.000037035993372,0.145257028258804,0.000067584526204,-1.068106217356667,0.000082566552692,"265531",50.584000000000003,19.960004669887883,12.803205105519126,3.886252526080970,-1.9932518010,0.0760000000,2.0000000000
France,AriÃ¨ge,"09","{ ""Total"": 152398, ""Under19"": 30718, ""Under39"": 28780, ""Under59"": 40432, ""Under74"": 32667, ""Over75"": 19801 }","{ ""Resuscitation"": 8, ""IntensiveCare"": 16, ""Total"": 24 }","2","12","19","6","3","{ ""Suspected"": 10, ""Total"": 144, ""Severe"": 5 }",0.028008084285768,0.000018691667576,0.141640425169395,0.000050208085635,-1.169689567056376,0.000092320351798,"152398",31.027999999999999,1.312353180487933,6.322219203939830,0.590956522070843,1.9180674648,0.0280000000,3.0000000000
France,Aube,"10","{ ""Total"": 309907, ""Under19"": 74513, ""Under39"": 69749, ""Under59"": 77945, ""Under74"": 56336, ""Over75"": 31364 }","{ ""Resuscitation"": 12, ""IntensiveCare"": 36, ""Total"": 48 }","126","30","157","25","14","{ ""Suspected"": 27, ""Total"": 219, ""Severe"": 18 }",0.032146445984786,0.000030791798058,0.144729480354645,0.000056948451651,-1.060368847891373,0.000086098321946,"309907",51.460999999999999,40.657358497871940,12.097062069448150,3.232164241265560,1.7561441472,0.0920000000,1.0000000000
France,Aude,"11","{ ""Total"": 372705, ""Under19"": 78644, ""Under39"": 70170, ""Under59"": 96929, ""Under74"": 80039, ""Over75"": 46923 }","{ ""Resuscitation"": 16, ""IntensiveCare"": 44, ""Total"": 60 }","55","76","102","20","44","{ ""Suspected"": 28, ""Total"": 346, ""Severe"": 17 }",0.030750087451988,0.000022655248558,0.142403370263896,0.000066438925509,-1.154939544371599,0.000094549650988,"372705",58.758000000000003,14.756979380475176,7.605947200305629,1.049661973832359,2.5586052853,0.0040000000,3.0000000000
France,Aveyron,"12","{ ""Total"": 278360, ""Under19"": 55940, ""Under39"": 51027, ""Under59"": 73060, ""Under74"": 59454, ""Over75"": 38879 }","{ ""Resuscitation"": 11, ""IntensiveCare"": 32, ""Total"": 43 }","23","42","60","11","29","{ ""Suspected"": 2, ""Total"": 178 }",0.029509472051821,0.000018622852097,0.142448449553637,0.000073902581272,-1.119842550358886,0.000092332453840,"278360",31.721000000000000,8.262681419744217,7.227863720677979,0.899636364645428,2.7149711314,0.0020000000,3.0000000000
France,Bouches-du-RhÃ´ne,"13","{ ""Total"": 2034469, ""Under19"": 480915, ""Under39"": 483747, ""Under59"": 522289, ""Under74"": 342385, ""Over75"": 205133 }","{ ""Resuscitation"": 281, ""IntensiveCare"": 476, ""Total"": 757 }","512","929","1169","254","827","{ ""Suspected"": 135, ""Total"": 1534, ""Severe"": 87 }",0.032386860055116,0.000042808782746,0.143456730032796,0.000090776287162,-1.080390117244307,0.000109858410324,"2034469",399.839999999999975,25.166271887160729,9.753613421586737,2.879403524231492,-1.0446483067,0.2820000000,4.0000000000
France,Calvados,"14","{ ""Total"": 691453, ""Under19"": 160392, ""Under39"": 155359, ""Under59"": 174249, ""Under74"": 130972, ""Over75"": 70481 }","{ ""Resuscitation"": 91, ""IntensiveCare"": 128, ""Total"": 219 }","77","64","151","59","147","{ ""Suspected"": 73, ""Total"": 482, ""Severe"": 16 }",0.031927890070007,0.000032524971681,0.145200204731704,0.000067093325423,-1.059685749754228,0.000071321155678,"691453",123.572999999999993,11.135970196094311,10.053021674909962,2.712378112237845,-0.2321261033,0.7900000000,2.0000000000
France,Cantal,"15","{ ""Total"": 142811, ""Under19"": 26571, ""Under39"": 24954, ""Under59"": 38397, ""Under74"": 32697, ""Over75"": 20192 }","{ ""Resuscitation"": 8, ""IntensiveCare"": 30, ""Total"": 38 }","9","6","28","9","33","{ ""Suspected"": 19, ""Total"": 99, ""Severe"": 9 }",0.028695560206177,0.000017664838338,0.142599534334414,0.000054562872498,-1.101731226176921,0.000088532440065,"142811",24.748000000000001,6.302035557485068,6.975827752532381,0.747189740034250,2.7669357670,0.0020000000,3.0000000000
France,Charente,"16","{ ""Total"": 348180, ""Under19"": 71324, ""Under39"": 69355, ""Under59"": 91186, ""Under74"": 72860, ""Over75"": 43455 }","{ ""Resuscitation"": 12, ""IntensiveCare"": 36, ""Total"": 48 }","12","26","35","8","10","{ ""Suspected"": 33, ""Total"": 280, ""Severe"": 12 }",0.031958997313941,0.000022510320711,0.143183739154329,0.000045247993782,-1.093431053475914,0.000089829047698,"348180",58.232999999999997,3.446493193175944,9.237036256253521,1.338620376255777,0.9190217618,0.3820000000,3.0000000000
France,Charente-Maritime,"17","{ ""Total"": 647080, ""Under19"": 130618, ""Under39"": 119836, ""Under59"": 164314, ""Under74"": 146996, ""Over75"": 85316 }","{ ""Resuscitation"": 30, ""IntensiveCare"": 72, ""Total"": 102 }","46","46","89","26","49","{ ""Suspected"": 33, ""Total"": 484, ""Severe"": 12 }",0.032298535139204,0.000023551403093,0.143291408530653,0.000053477487320,-1.066463592041741,0.000081594116765,"647080",91.820999999999998,7.108858255548000,9.311346842898310,1.402300000190735,1.0977181412,0.2500000000,3.0000000000
France,Cher,"18","{ ""Total"": 296404, ""Under19"": 61933, ""Under39"": 57193, ""Under59"": 76912, ""Under74"": 62985, ""Over75"": 37381 }","{ ""Resuscitation"": 12, ""IntensiveCare"": 32, ""Total"": 44 }","74","21","55","17","25","{ ""Suspected"": 22, ""Total"": 152, ""Severe"": 3 }",0.031521069978580,0.000026128144557,0.144193065012386,0.000066907321738,-1.075229702216533,0.000092126512818,"296404",40.573999999999998,24.965924886303831,10.869345594469927,1.820498163883503,0.1907442792,0.8020000000,1.0000000000
France,CorrÃ¨ze,"19","{ ""Total"": 240336, ""Under19"": 48146, ""Under39"": 45056, ""Under59"": 62186, ""Under74"": 52206, ""Over75"": 32742 }","{ ""Resuscitation"": 15, ""IntensiveCare"": 42, ""Total"": 57 }","34","23","44","8","23","{ ""Suspected"": 32, ""Total"": 216, ""Severe"": 26 }",0.030270931106320,0.000019896610996,0.142838888573274,0.000062544705796,-1.114818492671544,0.000090090622129,"240336",40.753000000000000,14.146861061181012,7.167047557653343,1.046985070207226,2.4337831886,0.0060000000,3.0000000000
France,CÃ´te-d'Or,"21","{ ""Total"": 532886, ""Under19"": 121633, ""Under39"": 128314, ""Under59"": 134514, ""Under74"": 95451, ""Over75"": 52974 }","{ ""Resuscitation"": 57, ""IntensiveCare"": 190, ""Total"": 247 }","239","324","307","79","1","{ ""Suspected"": 49, ""Total"": 339, ""Severe"": 23 }",0.031289464875808,0.000027334910997,0.144058683352867,0.000051117315456,-1.105453084801838,0.000087948598811,"532886",60.549999999999997,44.850118036503112,10.933354410936049,2.108604937791824,1.0751311540,0.2880000000,1.0000000000
France,CÃ´tes-d'Armor,"22","{ ""Total"": 596186, ""Under19"": 131217, ""Under39"": 108675, ""Under59"": 153257, ""Under74"": 128481, ""Over75"": 74556 }","{ ""Resuscitation"": 14, ""IntensiveCare"": 32, ""Total"": 46 }","31","42","75","17","107","{ ""Suspected"": 17, ""Total"": 314, ""Severe"": 10 }",0.031700558638558,0.000024894344792,0.144015307521294,0.000060069713926,-1.061922151769468,0.000064617009772,"596186",85.373000000000005,5.199719550610045,7.456112676873643,1.163563217924929,1.8716243680,0.0380000000,3.0000000000
France,Creuse,"23","{ ""Total"": 116270, ""Under19"": 20766, ""Under39"": 19388, ""Under59"": 30402, ""Under74"": 28640, ""Over75"": 17074 }","{ ""Resuscitation"": 8, ""IntensiveCare"": 16, ""Total"": 24 }","8","5","13","7","12","{ ""Suspected"": 35, ""Total"": 80, ""Severe"": 7 }",0.030190097501932,0.000021151632827,0.143247641927910,0.000072330980680,-1.120339472517474,0.000088890196653,"116270",20.786000000000001,6.880536681861185,8.087552162506258,1.181087178450364,1.2630809915,0.2140000000,3.0000000000
France,Dordogne,"24","{ ""Total"": 408393, ""Under19"": 76430, ""Under39"": 70201, ""Under59"": 107402, ""Under74"": 96538, ""Over75"": 57822 }","{ ""Resuscitation"": 19, ""IntensiveCare"": 36, ""Total"": 55 }","12","20","41","6","13","{ ""Suspected"": 39, ""Total"": 240, ""Severe"": 14 }",0.031803303495512,0.000021473749638,0.142927407725542,0.000055794721666,-1.122211874390402,0.000094912691569,"408393",44.279000000000003,2.938346151868421,8.410809430867058,0.970147433189245,2.0750909284,0.0320000000,3.0000000000
France,Doubs,"25","{ ""Total"": 539449, ""Under19"": 132582, ""Under39"": 130504, ""Under59"": 135120, ""Under74"": 90502, ""Over75"": 50741 }","{ ""Resuscitation"": 40, ""IntensiveCare"": 262, ""Total"": 302 }","146","188","196","81",,"{ ""Suspected"": 70, ""Total"": 252, ""Severe"": 34 }",0.030102902259399,0.000028614593950,0.143671985162932,0.000060431063826,-1.138921832774087,0.000095677386940,"539449",102.561000000000007,27.064653007049785,10.534273253462063,1.894566665093104,0.5781659741,0.5640000000,1.0000000000
France,DrÃ´me,"26","{ ""Total"": 520560, ""Under19"": 125073, ""Under39"": 110455, ""Under59"": 134338, ""Under74"": 95865, ""Over75"": 54829 }","{ ""Resuscitation"": 24, ""IntensiveCare"": 68, ""Total"": 92 }","128","159","260","71","119","{ ""Suspected"": 45, ""Total"": 378, ""Severe"": 22 }",0.030058873528600,0.000025414870477,0.143034657332581,0.000082249605633,-1.146580412636547,0.000097431037299,"520560",79.344999999999999,24.588904256954052,9.452582087741654,1.583701763498156,-1.4899255224,0.1300000000,4.0000000000
France,Eure,"27","{ ""Total"": 600687, ""Under19"": 151745, ""Under39"": 128858, ""Under59"": 160781, ""Under74"": 106586, ""Over75"": 52717 }","{ ""Resuscitation"": 12, ""IntensiveCare"": 44, ""Total"": 56 }","74","26","69","15","71","{ ""Suspected"": 10, ""Total"": 239, ""Severe"": 3 }",0.031841677879894,0.000035833900478,0.145299965428638,0.000062890823263,-1.057991163919260,0.000074868494698,"600687",99.497000000000000,12.319227817482314,12.182333815545505,3.541574082440800,-2.5638651029,0.0160000000,2.0000000000
France,Eure-et-Loir,"28","{ ""Total"": 429425, ""Under19"": 106266, ""Under39"": 90617, ""Under59"": 113525, ""Under74"": 76422, ""Over75"": 42595 }","{ ""Resuscitation"": 20, ""IntensiveCare"": 44, ""Total"": 64 }","116","104","174","31","104","{ ""Suspected"": 24, ""Total"": 400, ""Severe"": 7 }",0.031717210010418,0.000038210182617,0.144838452220588,0.000056246709760,-1.070059748348869,0.000078894496510,"429425",72.417000000000002,27.012866041800081,12.500463169770896,2.818065739013779,2.1617071085,0.0440000000,1.0000000000
France,FinistÃ¨re,"29","{ ""Total"": 906554, ""Under19"": 201332, ""Under39"": 189857, ""Under59"": 237308, ""Under74"": 178715, ""Over75"": 99342 }","{ ""Resuscitation"": 66, ""IntensiveCare"": 142, ""Total"": 208 }","42","62","94","42","230","{ ""Suspected"": 26, ""Total"": 695, ""Severe"": 5 }",0.031747018159922,0.000023698935044,0.144050288769444,0.000065362080660,-1.016423442930549,0.000059747556916,"906554",133.314999999999998,4.632928650692622,6.218911363799730,1.141292685415687,1.6440177686,0.0760000000,3.0000000000
France,Gard,"30","{ ""Total"": 748468, ""Under19"": 170615, ""Under39"": 154480, ""Under59"": 195429, ""Under74"": 147114, ""Over75"": 80830 }","{ ""Resuscitation"": 49, ""IntensiveCare"": 108, ""Total"": 157 }","88","56","110","43","44","{ ""Suspected"": 22, ""Total"": 582, ""Severe"": 9 }",0.031491539795213,0.000026543577256,0.143233243502770,0.000087425481047,-1.129883255346986,0.000101037915544,"748468",127.498999999999995,11.757349679612220,8.882645640847752,1.713885411620140,1.8001665677,0.0620000000,3.0000000000
France,Haute-Garonne,"31","{ ""Total"": 1400935, ""Under19"": 335750, ""Under39"": 398589, ""Under59"": 358515, ""Under74"": 197921, ""Over75"": 110160 }","{ ""Resuscitation"": 161, ""IntensiveCare"": 430, ""Total"": 591 }","64","178","235","107","72","{ ""Suspected"": 121, ""Total"": 898, ""Severe"": 65 }",0.030621101083715,0.000024972658360,0.142380707640225,0.000066972982882,-1.109498330873046,0.000093638065330,"1400935",220.282999999999987,4.568377547851971,7.730704625357473,1.333690818237222,2.7944504845,0.0040000000,3.0000000000
France,Gers,"32","{ ""Total"": 190040, ""Under19"": 37581, ""Under39"": 32714, ""Under59"": 51231, ""Under74"": 41871, ""Over75"": 26643 }","{ ""Resuscitation"": 8, ""IntensiveCare"": 8, ""Total"": 16 }","23","13","29","5","14","{ ""Suspected"": 14, ""Total"": 95, ""Severe"": 12 }",0.031635389417583,0.000022116476706,0.142697710808088,0.000055083660883,-1.117071742946917,0.000095566715869,"190040",30.186000000000000,12.102715217848875,8.087921563017378,0.879523805209569,2.5780206795,0.0040000000,3.0000000000
France,Gironde,"33","{ ""Total"": 1633440, ""Under19"": 380317, ""Under39"": 415128, ""Under59"": 425319, ""Under74"": 267580, ""Over75"": 145096 }","{ ""Resuscitation"": 183, ""IntensiveCare"": 262, ""Total"": 445 }","141","350","315","92","106","{ ""Suspected"": 119, ""Total"": 900, ""Severe"": 40 }",0.032300774029282,0.000024067401164,0.142939989387955,0.000061609044774,-1.134288063516968,0.000093356061194,"1633440",157.253999999999991,8.632089332941522,8.500019119945692,1.262201682359231,1.3966615729,0.1500000000,3.0000000000
France,HÃ©rault,"34","{ ""Total"": 1176145, ""Under19"": 268258, ""Under39"": 286299, ""Under59"": 292794, ""Under74"": 208723, ""Over75"": 120071 }","{ ""Resuscitation"": 124, ""IntensiveCare"": 342, ""Total"": 466 }","117","272","265","80","171","{ ""Suspected"": 62, ""Total"": 974, ""Severe"": 29 }",0.031391467006147,0.000024159603074,0.142993872093370,0.000071058030425,-1.133860958272778,0.000097116882021,"1176145",188.588999999999999,9.947753040654002,8.083655952819027,1.514537033107546,1.9943900177,0.0340000000,3.0000000000
France,Ille-et-Vilaine,"35","{ ""Total"": 1082073, ""Under19"": 274429, ""Under39"": 270693, ""Under59"": 278610, ""Under74"": 165623, ""Over75"": 92718 }","{ ""Resuscitation"": 60, ""IntensiveCare"": 224, ""Total"": 284 }","82","104","156","49","208","{ ""Suspected"": 69, ""Total"": 675, ""Severe"": 31 }",0.031912948984646,0.000027725567370,0.144075662889157,0.000048395452348,-1.055882927311885,0.000072243677923,"1082073",158.134999999999991,7.578046952469935,9.167542697583801,1.859654320610894,1.3593781347,0.1660000000,3.0000000000
France,Indre,"36","{ ""Total"": 217139, ""Under19"": 42951, ""Under39"": 38506, ""Under59"": 56292, ""Under74"": 48986, ""Over75"": 30404 }","{ ""Resuscitation"": 10, ""IntensiveCare"": 18, ""Total"": 28 }","75","14","65","11","80","{ ""Suspected"": 6, ""Total"": 174, ""Severe"": 4 }",0.031677148114474,0.000024518357006,0.144112006495178,0.000063743537981,-1.090600105390089,0.000088936527325,"217139",31.460000000000001,34.540087225233606,10.275254023094172,1.587050002813339,-0.2137340689,0.8420000000,4.0000000000
France,Indre-et-Loire,"37","{ ""Total"": 605380, ""Under19"": 142122, ""Under39"": 136574, ""Under59"": 153731, ""Under74"": 108623, ""Over75"": 64330 }","{ ""Resuscitation"": 79, ""IntensiveCare"": 116, ""Total"": 195 }","77","73","181","61","123","{ ""Suspected"": 34, ""Total"": 404, ""Severe"": 12 }",0.031844977048048,0.000027987299861,0.144552505551806,0.000048703715468,-1.072598143660263,0.000083784087479,"605380",98.296000000000006,12.719283755657603,11.167503531277996,1.661491230914467,-0.4778610395,0.6420000000,2.0000000000
France,IsÃ¨re,"38","{ ""Total"": 1264979, ""Under19"": 319977, ""Under39"": 298730, ""Under59"": 332378, ""Under74"": 201842, ""Over75"": 112052 }","{ ""Resuscitation"": 74, ""IntensiveCare"": 178, ""Total"": 252 }","135","146","248","66","190","{ ""Suspected"": 99, ""Total"": 944, ""Severe"": 30 }",0.029055863650038,0.000028633221303,0.142730032448546,0.000058543607460,-1.126306999213974,0.000094596080928,"1264979",160.524000000000001,10.672113924420879,9.822195179353221,2.104766656830907,0.5777038519,0.5980000000,3.0000000000
France,Jura,"39","{ ""Total"": 257849, ""Under19"": 57639, ""Under39"": 51064, ""Under59"": 68521, ""Under74"": 50575, ""Over75"": 30050 }","{ ""Resuscitation"": 8, ""IntensiveCare"": 18, ""Total"": 26 }","59","47","90","12",,"{ ""Suspected"": 37, ""Total"": 244, ""Severe"": 16 }",0.030555211365794,0.000027016509136,0.143781088074326,0.000056449263710,-1.141114321477221,0.000093948310182,"257849",51.042999999999999,22.881609003719230,10.887676186522256,1.741355555256208,-0.7136694047,0.4560000000,2.0000000000
France,Landes,"40","{ ""Total"": 411979, ""Under19"": 85144, ""Under39"": 78495, ""Under59"": 112191, ""Under74"": 86896, ""Over75"": 49253 }","{ ""Resuscitation"": 14, ""IntensiveCare"": 32, ""Total"": 46 }","12","24","26","14","20","{ ""Suspected"": 25, ""Total"": 225, ""Severe"": 14 }",0.032100874824944,0.000022100812229,0.142596137860479,0.000062323948283,-1.144285840601669,0.000093564861793,"411979",44.057000000000002,2.912769825646453,7.955540956635375,1.017993649982271,1.7790084904,0.0600000000,3.0000000000
France,Loir-et-Cher,"41","{ ""Total"": 327835, ""Under19"": 72953, ""Under39"": 62903, ""Under59"": 86073, ""Under74"": 65923, ""Over75"": 39983 }","{ ""Resuscitation"": 12, ""IntensiveCare"": 16, ""Total"": 28 }","60","43","86","14","55","{ ""Suspected"": 24, ""Total"": 253, ""Severe"": 7 }",0.031863668469748,0.000030626296767,0.144612837770652,0.000054181270760,-1.063928419590865,0.000090691514976,"327835",50.954999999999998,18.301889670108437,11.522207811503794,2.067203461349785,-1.1798289107,0.2500000000,2.0000000000
France,Loire,"42","{ ""Total"": 764737, ""Under19"": 186049, ""Under39"": 167975, ""Under59"": 190702, ""Under74"": 136240, ""Over75"": 83771 }","{ ""Resuscitation"": 70, ""IntensiveCare"": 120, ""Total"": 190 }","232","217","487","107","363","{ ""Suspected"": 87, ""Total"": 786, ""Severe"": 59 }",0.030055878379216,0.000027238133110,0.143141812343646,0.000076370949515,-1.160705904862521,0.000096271430053,"764737",159.088999999999999,30.337227046684021,9.892816082359069,1.641766073410971,-0.5963474619,0.5700000000,4.0000000000
France,Haute-Loire,"43","{ ""Total"": 226901, ""Under19"": 49659, ""Under39"": 43248, ""Under59"": 60903, ""Under74"": 46857, ""Over75"": 26234 }","{ ""Resuscitation"": 8, ""IntensiveCare"": 20, ""Total"": 28 }","14","33","30","7","23","{ ""Suspected"": 5, ""Total"": 43, ""Severe"": 1 }",0.028582446316953,0.000020589697460,0.142655713508636,0.000080171632882,-1.148726753276837,0.000086882473921,"226901",45.314000000000000,6.170091802151600,8.116771382852791,0.767516130401242,1.8419228287,0.0620000000,3.0000000000
France,Loire-Atlantique,"44","{ ""Total"": 1437137, ""Under19"": 363681, ""Under39"": 357664, ""Under59"": 368059, ""Under74"": 227458, ""Over75"": 120275 }","{ ""Resuscitation"": 77, ""IntensiveCare"": 262, ""Total"": 339 }","143","160","264","69","556","{ ""Suspected"": 92, ""Total"": 591, ""Severe"": 51 }",0.032055243268387,0.000028147420078,0.143968291521217,0.000051777142982,-1.053366725605295,0.000078487738919,"1437137",205.104000000000013,9.950338763806094,9.255139839646336,1.859040652833334,0.9310610661,0.3580000000,3.0000000000
France,Loiret,"45","{ ""Total"": 682890, ""Under19"": 172345, ""Under39"": 155348, ""Under59"": 174617, ""Under74"": 115984, ""Over75"": 64596 }","{ ""Resuscitation"": 47, ""IntensiveCare"": 120, ""Total"": 167 }","91","125","248","77","258","{ ""Suspected"": 44, ""Total"": 480, ""Severe"": 29 }",0.031984553249898,0.000034497537248,0.144702259890517,0.000052178364968,-1.054066860459738,0.000091705778742,"682890",100.331000000000003,13.325718636969350,12.611145813229122,2.649983111816117,-2.1453539290,0.0440000000,2.0000000000
France,Lot,"46","{ ""Total"": 173166, ""Under19"": 31861, ""Under39"": 29365, ""Under59"": 44533, ""Under74"": 41623, ""Over75"": 25784 }","{ ""Resuscitation"": 8, ""IntensiveCare"": 8, ""Total"": 16 }","22","33","19","8","4","{ ""Suspected"": 7, ""Total"": 141, ""Severe"": 4 }",0.031237469780337,0.000020593082548,0.142635049250258,0.000053495360224,-1.113917131974895,0.000101247182609,"173166",33.158999999999999,12.704572491135675,7.845628851978140,0.996393444108181,2.4096622009,0.0040000000,3.0000000000
France,Lot-et-Garonne,"47","{ ""Total"": 330336, ""Under19"": 69990, ""Under39"": 64149, ""Under59"": 84272, ""Under74"": 68912, ""Over75"": 43013 }","{ ""Resuscitation"": 11, ""IntensiveCare"": 36, ""Total"": 47 }","9","15","31","8","65","{ ""Suspected"": 105, ""Total"": 324, ""Severe"": 10 }",0.032157639935335,0.000023445253369,0.142939463416469,0.000057845518367,-1.115779362286497,0.000096956624817,"330336",61.375999999999998,2.724498692240628,8.777431992411261,1.039245901537723,2.1628742722,0.0240000000,3.0000000000
France,LozÃ¨re,"48","{ ""Total"": 76286, ""Under19"": 15582, ""Under39"": 14895, ""Under59"": 20255, ""Under74"": 15962, ""Over75"": 9592 }","{ ""Resuscitation"": 3, ""IntensiveCare"": 0, ""Total"": 3 }","1","11","9","2","8","{ ""Suspected"": 5, ""Total"": 53, ""Severe"": 2 }",0.027972792522071,0.000017070605515,0.142459600704467,0.000062489651231,-1.149328810190000,0.000080793114874,"76286",14.747000000000000,1.310856513646016,7.107023839398202,0.554576270155988,2.0457272557,0.0280000000,3.0000000000
France,Maine-et-Loire,"49","{ ""Total"": 815881, ""Under19"": 204162, ""Under39"": 184600, ""Under59"": 204421, ""Under74"": 138603, ""Over75"": 84095 }","{ ""Resuscitation"": 61, ""IntensiveCare"": 196, ""Total"": 257 }","129","196","174","55","194","{ ""Suspected"": 58, ""Total"": 451, ""Severe"": 21 }",0.031887677666547,0.000027451355574,0.144049693782933,0.000058012890529,-1.072106821646976,0.000080572588607,"815881",113.754999999999995,15.811129319104133,10.350099290674667,1.883709799542147,0.2413452165,0.8440000000,3.0000000000
France,Manche,"50","{ ""Total"": 490669, ""Under19"": 105402, ""Under39"": 96439, ""Under59"": 126734, ""Under74"": 101121, ""Over75"": 60973 }","{ ""Resuscitation"": 28, ""IntensiveCare"": 52, ""Total"": 80 }","46","40","75","24","107","{ ""Suspected"": 20, ""Total"": 446, ""Severe"": 19 }",0.032213659575909,0.000029469801690,0.144905654659879,0.000076405383914,-1.040324858283491,0.000065085431731,"490669",81.503000000000000,9.374955418010920,9.038550295809165,2.007186154266456,0.3084057214,0.7980000000,3.0000000000
France,Marne,"51","{ ""Total"": 563823, ""Under19"": 136695, ""Under39"": 137533, ""Under59"": 142415, ""Under74"": 97015, ""Over75"": 50165 }","{ ""Resuscitation"": 54, ""IntensiveCare"": 78, ""Total"": 132 }","248","313","391","71","37","{ ""Suspected"": 40, ""Total"": 370, ""Severe"": 18 }",0.032288175804272,0.000035237517584,0.145076104682499,0.000077026582923,-1.045811262842853,0.000081760722857,"563823",68.775000000000006,43.985435145426848,13.140618931223809,3.408943910409909,2.6177009998,0.0160000000,1.0000000000
France,Haute-Marne,"52","{ ""Total"": 169250, ""Under19"": 34865, ""Under39"": 34065, ""Under59"": 44268, ""Under74"": 35981, ""Over75"": 20071 }","{ ""Resuscitation"": 8, ""IntensiveCare"": 12, ""Total"": 20 }","76","55","115","18","7","{ ""Suspected"": 38, ""Total"": 155, ""Severe"": 12 }",0.031361209059276,0.000028611913130,0.144424316803765,0.000074540813044,-1.096294388010198,0.000087236759242,"169250",27.013000000000002,44.903988183161005,11.072857908549107,2.346490730841955,1.5094947272,0.1480000000,1.0000000000
France,Mayenne,"53","{ ""Total"": 305365, ""Under19"": 74868, ""Under39"": 61839, ""Under59"": 78619, ""Under74"": 55705, ""Over75"": 34334 }","{ ""Resuscitation"": 8, ""IntensiveCare"": 16, ""Total"": 24 }","40","22","76","14","158","{ ""Suspected"": 23, ""Total"": 111, ""Severe"": 9 }",0.031694800447451,0.000025991146805,0.144319595959256,0.000048554474470,-1.060273807180383,0.000073160874871,"305365",58.613999999999997,13.099078152375027,9.897931888739798,1.979989413231138,0.1697182676,0.9120000000,3.0000000000
France,Meurthe-et-Moselle,"54","{ ""Total"": 730398, ""Under19"": 170693, ""Under39"": 185629, ""Under59"": 182526, ""Under74"": 124808, ""Over75"": 66742 }","{ ""Resuscitation"": 83, ""IntensiveCare"": 172, ""Total"": 255 }","333","287","512","180","85","{ ""Suspected"": 57, ""Total"": 447, ""Severe"": 28 }",0.031787302933750,0.000038328560268,0.144484990594538,0.000042191485970,-1.095026835256943,0.000089530134718,"730398",137.923000000000002,45.591581576072223,11.720261086846548,3.198848485946655,1.3120908168,0.1820000000,1.0000000000
France,Meuse,"55","{ ""Total"": 181641, ""Under19"": 40375, ""Under39"": 37641, ""Under59"": 47696, ""Under74"": 36898, ""Over75"": 19031 }","{ ""Resuscitation"": 8, ""IntensiveCare"": 20, ""Total"": 28 }","93","141","169","23","18","{ ""Suspected"": 29, ""Total"": 134, ""Severe"": 14 }",0.031835709495387,0.000034769734737,0.144814335363617,0.000064862780352,-1.075581513923363,0.000083239241050,"181641",29.152000000000001,51.199894296992419,11.962805416938842,3.952177753448487,1.5612664094,0.1400000000,1.0000000000
France,Morbihan,"56","{ ""Total"": 755566, ""Under19"": 166653, ""Under39"": 145287, ""Under59"": 197813, ""Under74"": 159285, ""Over75"": 86528 }","{ ""Resuscitation"": 22, ""IntensiveCare"": 64, ""Total"": 86 }","87","127","147","35","313","{ ""Suspected"": 96, ""Total"": 493, ""Severe"": 13 }",0.031847713550212,0.000024765863472,0.143878687057229,0.000066525382663,-1.038919921339672,0.000067837543757,"755566",110.504999999999995,11.514546710677823,7.613407095312027,1.352919827533674,1.8545034141,0.0480000000,3.0000000000
France,Moselle,"57","{ ""Total"": 1035866, ""Under19"": 229681, ""Under39"": 243525, ""Under59"": 278966, ""Under74"": 186864, ""Over75"": 96830 }","{ ""Resuscitation"": 88, ""IntensiveCare"": 112, ""Total"": 200 }","790","630","1030","181","295","{ ""Suspected"": 200, ""Total"": 796, ""Severe"": 102 }",0.031978854244365,0.000043983355714,0.144586879117823,0.000093805561435,-1.097557790703334,0.000093451349799,"1035866",165.646999999999991,76.264690606700086,11.938206781812010,4.059290053008438,1.0893344844,0.2820000000,1.0000000000
France,NiÃ¨vre,"58","{ ""Total"": 199596, ""Under19"": 38191, ""Under39"": 34484, ""Under59"": 50426, ""Under74"": 47745, ""Over75"": 28750 }","{ ""Resuscitation"": 12, ""IntensiveCare"": 32, ""Total"": 44 }","25","8","36","11","2","{ ""Suspected"": 30, ""Total"": 209, ""Severe"": 14 }",0.031257162073623,0.000025374323882,0.144065190509069,0.000078874676471,-1.087880459543842,0.000091913964241,"199596",29.033999999999999,12.525301108238642,10.452199498690451,1.726808328926563,-0.9263018653,0.3480000000,2.0000000000
France,Nord,"59","{ ""Total"": 2588988, ""Under19"": 675470, ""Under39"": 665053, ""Under59"": 646791, ""Under74"": 405380, ""Over75"": 196294 }","{ ""Resuscitation"": 225, ""IntensiveCare"": 698, ""Total"": 923 }","551","454","891","279","39","{ ""Suspected"": 208, ""Total"": 2240, ""Severe"": 74 }",0.032562545241744,0.000057169829631,0.145947400619938,0.000102359716423,-1.029996124428048,0.000075405514191,"2588988",450.103000000000009,21.282447041083234,14.831812528634865,5.476380979859984,-2.6886013675,0.0140000000,2.0000000000
France,Oise,"60","{ ""Total"": 825077, ""Under19"": 214776, ""Under39"": 193026, ""Under59"": 221783, ""Under74"": 134365, ""Over75"": 61127 }","{ ""Resuscitation"": 36, ""IntensiveCare"": 92, ""Total"": 128 }","380","314","408","73","210","{ ""Suspected"": 21, ""Total"": 205, ""Severe"": 8 }",0.032158484010960,0.000047766312821,0.145288301668766,0.000071423832508,-1.070714183915911,0.000077141617012,"825077",140.171999999999997,46.056307471908681,13.884431718751880,4.109196349366070,3.3147764841,0.0040000000,1.0000000000
France,Orne,"61","{ ""Total"": 276903, ""Under19"": 59830, ""Under39"": 51781, ""Under59"": 70741, ""Under74"": 58679, ""Over75"": 35872 }","{ ""Resuscitation"": 16, ""IntensiveCare"": 24, ""Total"": 40 }","36","67","68","15","28","{ ""Suspected"": 15, ""Total"": 261, ""Severe"": 3 }",0.031291592818937,0.000027383609879,0.144863664270122,0.000065914855140,-1.060104091769598,0.000074622815859,"276903",45.073999999999998,13.000942568336203,10.442221850753308,1.949644441604614,-0.6036947142,0.5340000000,2.0000000000
France,Pas-de-Calais,"62","{ ""Total"": 1452778, ""Under19"": 367229, ""Under39"": 336274, ""Under59"": 374200, ""Under74"": 255788, ""Over75"": 119287 }","{ ""Resuscitation"": 85, ""IntensiveCare"": 274, ""Total"": 359 }","277","222","431","123","8","{ ""Suspected"": 34, ""Total"": 545, ""Severe"": 9 }",0.032376945037838,0.000048951629896,0.146207169138420,0.000095404159273,-1.035596827695945,0.000069708749149,"1452778",217.134999999999991,19.066918689572667,14.068429135161034,4.803008131864594,-2.4283290153,0.0360000000,2.0000000000
France,Puy-de-DÃ´me,"63","{ ""Total"": 660240, ""Under19"": 147680, ""Under39"": 153022, ""Under59"": 169492, ""Under74"": 122442, ""Over75"": 67604 }","{ ""Resuscitation"": 77, ""IntensiveCare"": 104, ""Total"": 181 }","40","59","84","41","105","{ ""Suspected"": 35, ""Total"": 189, ""Severe"": 14 }",0.029380799328993,0.000022969186647,0.143063001187895,0.000080122867753,-1.121232984956676,0.000092199045973,"660240",82.319999999999993,6.058403004967890,8.129884405851493,1.201826087158659,2.0340363236,0.0280000000,3.0000000000
France,PyrÃ©nÃ©es-Atlantiques,"64","{ ""Total"": 683169, ""Under19"": 144945, ""Under39"": 141910, ""Under59"": 182850, ""Under74"": 130868, ""Over75"": 82596 }","{ ""Resuscitation"": 35, ""IntensiveCare"": 110, ""Total"": 145 }","26","74","85","30","41","{ ""Suspected"": 35, ""Total"": 481, ""Severe"": 15 }",0.030463664178747,0.000021731669910,0.142064467077930,0.000043006194789,-1.102607234206341,0.000094315805276,"683169",88.846999999999994,3.805793295655980,7.329883369013054,0.798666664177463,2.0988763454,0.0200000000,3.0000000000
France,Hautes-PyrÃ©nÃ©es,"65","{ ""Total"": 226839, ""Under19"": 44839, ""Under39"": 42373, ""Under59"": 59329, ""Under74"": 49523, ""Over75"": 30775 }","{ ""Resuscitation"": 12, ""IntensiveCare"": 44, ""Total"": 56 }","25","29","57","7","11","{ ""Suspected"": 2, ""Total"": 135, ""Severe"": 1 }",0.027756308896985,0.000017076496241,0.141694790388111,0.000052355438699,-1.157307835619467,0.000088196186311,"226839",50.165999999999997,11.021032538496467,6.462357412750110,0.611431375145912,1.8427378993,0.0360000000,3.0000000000
France,PyrÃ©nÃ©es-Orientales,"66","{ ""Total"": 479000, ""Under19"": 102236, ""Under39"": 93899, ""Under59"": 121501, ""Under74"": 99671, ""Over75"": 61693 }","{ ""Resuscitation"": 32, ""IntensiveCare"": 64, ""Total"": 96 }","34","152","129","37","35","{ ""Suspected"": 21, ""Total"": 471, ""Severe"": 13 }",0.028698465707366,0.000020663143661,0.141967754816076,0.000060036497749,-1.221421083559823,0.000092207474682,"479000",115.659999999999997,7.098121085594989,7.482759385077369,0.887674416220465,1.9463469024,0.0180000000,3.0000000000
France,Bas-Rhin,"67","{ ""Total"": 1132607, ""Under19"": 258105, ""Under39"": 285390, ""Under59"": 300661, ""Under74"": 188150, ""Over75"": 100301 }","{ ""Resuscitation"": 122, ""IntensiveCare"": 208, ""Total"": 330 }","613","710","1083","283","376","{ ""Suspected"": 127, ""Total"": 578, ""Severe"": 92 }",0.032357806025203,0.000048141576737,0.144293795294712,0.000058081464689,-1.133559694407216,0.000097766104733,"1132607",236.127000000000010,54.122921719537317,12.193125141530798,4.074700581825386,1.2919395849,0.2040000000,1.0000000000
France,Haut-Rhin,"68","{ ""Total"": 763204, ""Under19"": 175817, ""Under39"": 172286, ""Under59"": 209152, ""Under74"": 134185, ""Over75"": 71764 }","{ ""Resuscitation"": 70, ""IntensiveCare"": 136, ""Total"": 206 }","767","1036","1105","163","700","{ ""Suspected"": 169, ""Total"": 469, ""Severe"": 100 }",0.031273717750892,0.000043507398543,0.143874249697358,0.000057556704333,-1.153370769017825,0.000095387372212,"763204",216.027999999999992,100.497376848129718,12.148108259604795,3.638301565533593,0.8908241624,0.3960000000,1.0000000000
France,RhÃ´ne,"69","{ ""Total"": 1876051, ""Under19"": 478142, ""Under39"": 523161, ""Under59"": 455898, ""Under74"": 259877, ""Over75"": 158973 }","{ ""Resuscitation"": 192, ""IntensiveCare"": 422, ""Total"": 614 }","606","757","1250","304","532","{ ""Suspected"": 217, ""Total"": 1371, ""Severe"": 117 }",0.030896363431214,0.000039542012130,0.143398353893420,0.000066146728700,-1.137981798612038,0.000098654900045,"1876051",576.389999999999986,32.301893711844720,11.637854252569872,3.071638103893825,0.2788433983,0.7500000000,1.0000000000
France,Haute-SaÃ´ne,"70","{ ""Total"": 233194, ""Under19"": 52426, ""Under39"": 45311, ""Under59"": 62843, ""Under74"": 47643, ""Over75"": 24971 }","{ ""Resuscitation"": 12, ""IntensiveCare"": 24, ""Total"": 36 }","77","82","84","23",,"{ ""Suspected"": 37, ""Total"": 169, ""Severe"": 25 }",0.031553586982213,0.000029585696540,0.144022069856654,0.000056454966166,-1.107381952022634,0.000096558596826,"233194",43.283000000000001,33.019717488443099,11.034470252262592,2.740129339161204,0.7331140451,0.4620000000,1.0000000000
France,SaÃ´ne-et-Loire,"71","{ ""Total"": 547824, ""Under19"": 117389, ""Under39"": 104206, ""Under59"": 141715, ""Under74"": 114530, ""Over75"": 69984 }","{ ""Resuscitation"": 26, ""IntensiveCare"": 44, ""Total"": 70 }","191","192","193","38",,"{ ""Suspected"": 89, ""Total"": 494, ""Severe"": 43 }",0.031435152581024,0.000027965629981,0.143735174327614,0.000063980326605,-1.114843720013526,0.000093942089961,"547824",63.603999999999999,34.865212184935302,11.108017827435454,2.036538721335055,0.4662830244,0.6200000000,1.0000000000
France,Sarthe,"72","{ ""Total"": 560227, ""Under19"": 135636, ""Under39"": 116946, ""Under59"": 143032, ""Under74"": 103587, ""Over75"": 61026 }","{ ""Resuscitation"": 17, ""IntensiveCare"": 54, ""Total"": 71 }","75","95","113","25","372","{ ""Suspected"": 48, ""Total"": 393, ""Severe"": 29 }",0.031793053687510,0.000028827927186,0.144802346912660,0.000059407294875,-1.080064169864671,0.000078690715362,"560227",89.715999999999994,13.387430452298801,10.963610723170829,1.782017094966693,-0.8047069770,0.4240000000,2.0000000000
France,Savoie,"73","{ ""Total"": 432548, ""Under19"": 98346, ""Under39"": 96013, ""Under59"": 117417, ""Under74"": 76722, ""Over75"": 44050 }","{ ""Resuscitation"": 18, ""IntensiveCare"": 36, ""Total"": 54 }","61","140","123","36","114","{ ""Suspected"": 31, ""Total"": 286, ""Severe"": 16 }",0.026004390139386,0.000021174048648,0.141853326330472,0.000039478354474,-1.047006625190792,0.000080373872026,"432548",68.968999999999994,14.102481111922838,8.994685799589575,1.279395826160908,0.5901940604,0.5720000000,3.0000000000
France,Haute-Savoie,"74","{ ""Total"": 828405, ""Under19"": 203837, ""Under39"": 209477, ""Under59"": 227355, ""Under74"": 122439, ""Over75"": 65297 }","{ ""Resuscitation"": 34, ""IntensiveCare"": 82, ""Total"": 116 }","158","296","294","95","310","{ ""Suspected"": 101, ""Total"": 809, ""Severe"": 45 }",0.027991474694406,0.000027954249767,0.142706438091201,0.000052131987256,-1.147415377475105,0.000090596647293,"828405",179.811000000000007,19.072796518611067,9.592030757680163,2.169801811914186,0.0151594997,0.9580000000,3.0000000000
France,Paris,"75","{ ""Total"": 2148271, ""Under19"": 406652, ""Under39"": 718825, ""Under59"": 536676, ""Under74"": 311978, ""Over75"": 174140 }","{ ""Resuscitation"": 389, ""IntensiveCare"": 1082, ""Total"": 1471 }","1660","1507","3169","849","126","{ ""Suspected"": 634, ""Total"": 1554, ""Severe"": 202 }",0.032790063675950,0.000140874340543,0.145127566284983,-0.000006750866735,-0.883860802711535,0.000091319643338,"2148271",20579.780999999999040,77.271442941789005,16.490634062158779,8.477666854858398,3.9519793784,0.0020000000,1.0000000000
France,Seine-Maritime,"76","{ ""Total"": 1243788, ""Under19"": 303968, ""Under39"": 294607, ""Under59"": 310458, ""Under74"": 218116, ""Over75"": 116639 }","{ ""Resuscitation"": 93, ""IntensiveCare"": 300, ""Total"": 393 }","174","195","364","116","233","{ ""Suspected"": 74, ""Total"": 1214, ""Severe"": 25 }",0.032003595073768,0.000038813517648,0.145612645833497,0.000072590750436,-1.044629053792294,0.000073227629719,"1243788",196.973000000000013,13.989522330172022,12.375423199165869,3.539637134044985,-2.1762296469,0.0560000000,2.0000000000
France,Seine-et-Marne,"77","{ ""Total"": 1423607, ""Under19"": 392025, ""Under39"": 357752, ""Under59"": 382068, ""Under74"": 199768, ""Over75"": 91994 }","{ ""Resuscitation"": 77, ""IntensiveCare"": 100, ""Total"": 177 }","601","546","740","192","42","{ ""Suspected"": 138, ""Total"": 680, ""Severe"": 57 }",0.032264177646058,0.000045467278374,0.144971525068731,0.000072651309684,-1.068765477399528,0.000085601447892,"1423607",240.070999999999998,42.216707279466874,13.996983341144826,4.558949787322789,4.7492267073,0.0020000000,1.0000000000
France,Yvelines,"78","{ ""Total"": 1448625, ""Under19"": 385814, ""Under39"": 341694, ""Under59"": 394186, ""Under74"": 209492, ""Over75"": 117439 }","{ ""Resuscitation"": 84, ""IntensiveCare"": 204, ""Total"": 288 }","476","551","992","189","70","{ ""Suspected"": 129, ""Total"": 992, ""Severe"": 50 }",0.031980432029200,0.000064388862608,0.145222626598470,0.000087712479372,-1.056634950083953,0.000084396312402,"1448625",628.051000000000045,32.858745361981185,13.472155413558371,5.065604969307229,3.0946884280,0.0080000000,1.0000000000
France,Deux-SÃ¨vres,"79","{ ""Total"": 372627, ""Under19"": 85106, ""Under39"": 73604, ""Under59"": 98839, ""Under74"": 72067, ""Over75"": 43011 }","{ ""Resuscitation"": 8, ""IntensiveCare"": 36, ""Total"": 44 }","20","27","33","9","11","{ ""Suspected"": 15, ""Total"": 278, ""Severe"": 9 }",0.031723420740797,0.000024686890498,0.143568533025675,0.000068247954372,-1.088597499854436,0.000080677265996,"372627",61.652000000000001,5.367297592498665,10.106813852461489,1.538055554032326,0.5324862145,0.6040000000,3.0000000000
France,Somme,"80","{ ""Total"": 569769, ""Under19"": 138211, ""Under39"": 134953, ""Under59"": 144752, ""Under74"": 100734, ""Over75"": 51119 }","{ ""Resuscitation"": 58, ""IntensiveCare"": 164, ""Total"": 222 }","208","185","364","75","54","{ ""Suspected"": 76, ""Total"": 474, ""Severe"": 36 }",0.032214696433660,0.000042312561094,0.145704110142518,0.000083891016779,-1.048795380803377,0.000072722072268,"569769",91.953000000000003,36.506022616183046,13.861683724225793,3.684779235294887,3.4145657578,0.0020000000,1.0000000000
France,Tarn,"81","{ ""Total"": 387898, ""Under19"": 84873, ""Under39"": 74511, ""Under59"": 102349, ""Under74"": 77279, ""Over75"": 48886 }","{ ""Resuscitation"": 24, ""IntensiveCare"": 70, ""Total"": 94 }","22","34","61","27","14","{ ""Suspected"": 33, ""Total"": 356, ""Severe"": 12 }",0.030661069213585,0.000021365304436,0.142345054915148,0.000067100777747,-1.087879288866613,0.000096817038853,"387898",67.167000000000002,5.671594078855782,7.939055687694352,1.188489575870335,2.3256913693,0.0120000000,3.0000000000
France,Tarn-et-Garonne,"82","{ ""Total"": 262618, ""Under19"": 63559, ""Under39"": 53023, ""Under59"": 70354, ""Under74"": 48046, ""Over75"": 27636 }","{ ""Resuscitation"": 18, ""IntensiveCare"": 40, ""Total"": 58 }","5","6","18","10","11","{ ""Suspected"": 38, ""Total"": 199, ""Severe"": 12 }",0.031672499057315,0.000024602153563,0.142789577912288,0.000062473534562,-1.082499332819078,0.000100319854339,"262618",70.170000000000002,1.903906053659688,8.646150576402118,1.280999992574964,2.4599854594,0.0120000000,3.0000000000
France,Var,"83","{ ""Total"": 1073836, ""Under19"": 224216, ""Under39"": 215361, ""Under59"": 276842, ""Under74"": 218239, ""Over75"": 139178 }","{ ""Resuscitation"": 60, ""IntensiveCare"": 84, ""Total"": 144 }","125","264","240","62","186","{ ""Suspected"": 79, ""Total"": 741, ""Severe"": 43 }",0.030898861075964,0.000030773043356,0.143201211393864,0.000056751347470,-1.170739399478037,0.000109890396103,"1073836",178.217000000000013,11.640511214002883,8.411166903932699,1.691921566339100,1.0715259377,0.2960000000,3.0000000000
France,Vaucluse,"84","{ ""Total"": 560997, ""Under19"": 132211, ""Under39"": 118607, ""Under59"": 147247, ""Under74"": 103567, ""Over75"": 59365 }","{ ""Resuscitation"": 16, ""IntensiveCare"": 60, ""Total"": 76 }","35","85","87","24","45","{ ""Suspected"": 34, ""Total"": 556, ""Severe"": 18 }",0.031464013004604,0.000029772310090,0.143266852488864,0.000072112212996,-1.091311556304478,0.000106737349070,"560997",156.724999999999994,6.238892543097379,9.407661459479199,1.933153152465820,1.4419682642,0.1440000000,3.0000000000
France,VendÃ©e,"85","{ ""Total"": 683187, ""Under19"": 155162, ""Under39"": 132680, ""Under59"": 176377, ""Under74"": 142178, ""Over75"": 76790 }","{ ""Resuscitation"": 18, ""IntensiveCare"": 44, ""Total"": 62 }","35","44","77","22","131","{ ""Suspected"": 38, ""Total"": 407, ""Severe"": 21 }",0.032001983976038,0.000024787475693,0.143672450228858,0.000051374984179,-1.060624285050214,0.000075492598818,"683187",100.894000000000005,5.123048301563115,9.314720037672094,1.585265823557407,0.4239595354,0.6780000000,3.0000000000
France,Vienne,"86","{ ""Total"": 437398, ""Under19"": 101362, ""Under39"": 100176, ""Under59"": 108284, ""Under74"": 79480, ""Over75"": 48096 }","{ ""Resuscitation"": 53, ""IntensiveCare"": 124, ""Total"": 177 }","37","40","61","28","53","{ ""Suspected"": 26, ""Total"": 287, ""Severe"": 10 }",0.031847483845678,0.000024455091687,0.143887291414046,0.000055622091500,-1.092632382217627,0.000082796093973,"437398",62.154000000000003,8.459115039392040,10.284723476400687,1.370276419127860,0.3139709965,0.7760000000,3.0000000000
France,Haute-Vienne,"87","{ ""Total"": 370774, ""Under19"": 79173, ""Under39"": 77448, ""Under59"": 94509, ""Under74"": 74186, ""Over75"": 45458 }","{ ""Resuscitation"": 24, ""IntensiveCare"": 144, ""Total"": 168 }","24","32","68","20","21","{ ""Suspected"": 16, ""Total"": 350, ""Severe"": 13 }",0.030845337892101,0.000021582529323,0.143245743135883,0.000061339508540,-1.127882172187954,0.000087526176031,"370774",66.703000000000003,6.472945783684940,8.394762190700151,1.145456414956313,1.3648020998,0.1620000000,3.0000000000
France,Vosges,"88","{ ""Total"": 359520, ""Under19"": 77042, ""Under39"": 70274, ""Under59"": 94740, ""Under74"": 75920, ""Over75"": 41544 }","{ ""Resuscitation"": 8, ""IntensiveCare"": 24, ""Total"": 32 }","250","222","269","43","66","{ ""Suspected"": 121, ""Total"": 316, ""Severe"": 45 }",0.030946506749438,0.000029910057009,0.144039163579655,0.000050163599831,-1.108736738988437,0.000093466495618,"359520",61.027999999999999,69.537160658655978,10.745229805177742,2.150111118952433,1.5818654610,0.1180000000,1.0000000000
France,Yonne,"89","{ ""Total"": 332096, ""Under19"": 73991, ""Under39"": 64975, ""Under59"": 86159, ""Under74"": 68966, ""Over75"": 38005 }","{ ""Resuscitation"": 18, ""IntensiveCare"": 32, ""Total"": 50 }","82","48","103","21",,"{ ""Suspected"": 60, ""Total"": 390, ""Severe"": 17 }",0.031759733003251,0.000028940611064,0.144561506324289,0.000063782132820,-1.074656485573142,0.000089041961969,"332096",44.475000000000001,24.691655424937370,11.734594431288011,2.960043480862742,1.5880618135,0.1100000000,1.0000000000
France,Territoire de Belfort,"90","{ ""Total"": 140145, ""Under19"": 33166, ""Under39"": 32553, ""Under59"": 36366, ""Under74"": 24639, ""Over75"": 13421 }","{ ""Resuscitation"": 25, ""IntensiveCare"": 40, ""Total"": 65 }","169","188","221","46",,"{ ""Suspected"": 50, ""Total"": 173, ""Severe"": 26 }",0.031096618618662,0.000035270391592,0.143691265059058,0.000054015407693,-1.142921847081088,0.000099955169370,"140145",230.241000000000014,120.589389560812023,11.429625098346031,3.006916642189026,0.7832522441,0.4260000000,1.0000000000
France,Essonne,"91","{ ""Total"": 1319401, ""Under19"": 360333, ""Under39"": 338878, ""Under59"": 349395, ""Under74"": 176919, ""Over75"": 93876 }","{ ""Resuscitation"": 97, ""IntensiveCare"": 164, ""Total"": 261 }","486","363","958","215","30","{ ""Suspected"": 138, ""Total"": 725, ""Severe"": 51 }",0.032211274633350,0.000065168783839,0.145067965830943,0.000029541496051,-1.047706182289365,0.000089354372950,"1319401",725.578999999999951,36.834897047978586,14.012457729788387,4.974202892054683,4.0365833863,0.0020000000,1.0000000000
France,Hauts-de-Seine,"92","{ ""Total"": 1613762, ""Under19"": 393984, ""Under39"": 457571, ""Under59"": 428782, ""Under74"": 211036, ""Over75"": 122389 }","{ ""Resuscitation"": 184, ""IntensiveCare"": 276, ""Total"": 460 }","997","1085","1978","440","59","{ ""Suspected"": 164, ""Total"": 1040, ""Severe"": 66 }",0.032562189445154,0.000124641266054,0.145127298354224,0.000008556733500,-0.977515241875263,0.000092385606563,"1613762",9188.271000000000640,61.781105268310938,15.772368444586700,8.037009770405419,5.0382942669,0.0020000000,1.0000000000
France,Seine-Saint-Denis,"93","{ ""Total"": 1670149, ""Under19"": 485032, ""Under39"": 478299, ""Under59"": 428192, ""Under74"": 194935, ""Over75"": 83691 }","{ ""Resuscitation"": 100, ""IntensiveCare"": 218, ""Total"": 318 }","936","628","1461","241","45","{ ""Suspected"": 208, ""Total"": 1251, ""Severe"": 70 }",0.032881150255018,0.000117681337075,0.144998662331515,0.000054356628002,-0.929497098357159,0.000088652457019,"1670149",7002.835000000000036,56.042903956473339,15.789150358466971,8.792166709899902,4.8450542496,0.0020000000,1.0000000000
France,Val-de-Marne,"94","{ ""Total"": 1406041, ""Under19"": 359600, ""Under39"": 390124, ""Under59"": 368199, ""Under74"": 187814, ""Over75"": 100304 }","{ ""Resuscitation"": 156, ""IntensiveCare"": 338, ""Total"": 494 }","1081","784","1956","302","48","{ ""Suspected"": 347, ""Total"": 1070, ""Severe"": 146 }",0.032720415855937,0.000102826351010,0.145003786933424,0.000010865077829,-0.953212263456635,0.000085671933862,"1406041",5713.457999999999629,76.882537564694061,15.470585179956336,8.034666776657104,4.8477655501,0.0020000000,1.0000000000
France,Val-d'Oise,"95","{ ""Total"": 1248354, ""Under19"": 357525, ""Under39"": 326622, ""Under59"": 322949, ""Under74"": 166265, ""Over75"": 74993 }","{ ""Resuscitation"": 60, ""IntensiveCare"": 130, ""Total"": 190 }","661","761","866","173","60","{ ""Suspected"": 335, ""Total"": 1012, ""Severe"": 119 }",0.032301540546334,0.000073295284771,0.145273389977187,0.000091331997728,-1.056283398442954,0.000079431960339,"1248354",996.298999999999978,52.949724196822373,13.812267025234329,5.997750043869019,4.0822743997,0.0020000000,1.0000000000
