province,prefecture,pop,pop_dens,cases,cases_100k,deaths,deaths_100k,mortality,CO_s5,NO2_s5,O3_s5,SO2_s5,Aerosol_s5,HCHO_s5,PM25_gr,PM10_gr,CO_gr,NO2_gr,O3_gr,SO2_gr
Anhui,Anqing,4691300,304.4669428,83,1.769232409,0,0,0,0.046550452,5.49E-05,0.123513799,4.78E-05,-1.120529591,0.000178749,113.9653046,53.20482771,7.696777336,12.57141392,25.0814618,9.227354457
Anhui,Bengbu,3392000,574.5648112,160,4.716981132,5,0.14740566,3.125,0.048506745,9.11E-05,0.129157506,6.84E-05,-1.062198048,0.000180159,126.2914263,63.17717809,7.394822944,13.16792144,30.6739922,10.4947978
Anhui,Bozhou,5237200,609.5478723,108,2.062170626,0,0,0,0.049616423,8.51E-05,0.129853011,6.63E-05,-1.049462985,0.000177812,115.6419643,56.81046931,7.791071429,14.83392857,18.52569883,18.83303571
Anhui,Chaohu,3871520,410.2505142,0,0,0,0,,0.049129232,9.40E-05,0.125497444,6.03E-05,-1.095612277,0.000187264,,,,,,
Anhui,Chizhou,1474500,174.2193612,17,1.152933198,0,0,0,0.045919074,5.45E-05,0.122866231,4.33E-05,-1.122775231,0.00018236,87.53687169,40.67608697,6.546440748,10.59138461,22.19996524,8.506900242
Anhui,Chuzhou,4114200,303.2394025,13,0.315978805,0,0,0,0.048019042,8.82E-05,0.127870422,6.66E-05,-1.091376061,0.000178452,133.5267913,65.67741307,8.39721785,13.37024411,20.45555739,8.73420388
Anhui,Fuyang,8207200,812.9363183,155,1.888585632,0,0,0,0.049302502,7.92E-05,0.12866094,6.44E-05,-1.004791841,0.000182197,116.7256914,54.79474612,6.688403183,14.7683352,31.49591926,12.39678039
Anhui,Hefei,4215880,563.1485989,174,4.127252199,1,0.02371984,0.574712644,0.047932051,9.07E-05,0.12669833,4.85E-05,-1.047454314,0.000191126,135.3334083,71.75798279,8.71209958,13.55084399,23.78927293,8.481576117
Anhui,Huaibei,2254100,837.2383653,28,1.242180915,0,0,0,0.049414707,0.00010008,0.130648657,6.58E-05,-1.053105385,0.000181463,115.6863421,60.32627091,10.13162973,16.95571313,29.5071549,11.7757193
Anhui,Huainan,3489500,1642.78856,27,0.773749821,0,0,0,0.048354618,8.91E-05,0.1283842,6.51E-05,-1.059378914,0.000186661,112.5562163,61.83464129,7.874906471,12.36412046,24.57005811,8.740119894
Anhui,Huangshan,1407100,144.5330963,9,0.639613389,0,0,0,0.042631532,3.06E-05,0.121752341,3.29E-05,-1.130990791,0.000160743,81.58027844,36.3003658,2.38666057,5.968551987,14.6507872,3.187465032
Anhui,Lu'an,4837400,262.9988035,69,1.426386075,0,0,0,0.046484824,5.65E-05,0.125893047,3.98E-05,-1.098052139,0.000174643,,,,,,
Anhui,Ma'anshan,2337100,1306.99683,38,1.625946686,0,0,0,0.049975296,0.000116965,0.125677982,6.02E-05,-1.094033,0.000187098,133.73569,68.03713403,12.21091781,15.55480275,31.61373395,12.42819262
Anhui,Suzhou,5681400,568.1756778,41,0.721653114,0,0,0,0.049576828,9.54E-05,0.131118322,8.25E-05,-1.055445836,0.000175238,129.4595556,63.94755556,9.592888889,11.144,31.65613718,14.38844444
Anhui,Tongling,1629100,1572.582368,29,1.780123995,0,0,0,0.049519405,0.000104819,0.124199008,6.87E-05,-1.082643074,0.000196551,124.6013511,66.09920819,12.25473337,15.99825015,23.44211538,18.72851639
Anhui,Wuhu,3748200,1137.985818,34,0.907102076,0,0,0,0.048815758,8.40E-05,0.124633419,4.85E-05,-1.085976415,0.000185808,126.0973943,65.94472557,9.588216646,14.89611279,25.7619503,10.30456039
Anhui,Xuancheng,2648300,215.4912812,6,0.226560435,0,0,0,0.045253574,5.34E-05,0.123498176,3.67E-05,-1.125211318,0.000176695,103.1642005,53.66652038,6.927568306,15.28383502,26.40059359,10.70153209
Beijing,Beijing,21542000,1313.103568,593,2.729551574,9,0.037136756,1.360544218,0.045974334,0.000123185,0.148350196,0.000134264,-0.944470349,0.000173279,144.8599251,83.01568208,11.42316571,24.38498932,26.85454009,10.51187296
Chongqing,Chongqing,31018000,376.2537008,579,1.86665807,6,0.019343607,1.03626943,0.041471128,3.58E-05,0.121772013,2.00E-05,-0.927860852,0.00015042,123.5374426,62.35600499,9.499253243,18.57873867,17.67135751,9.765953165
Fujian,Fuzhou,7740000,665.1661644,72,0.930232558,1,0.012919897,1.388888889,0.039889126,3.85E-05,0.117165159,-1.44E-05,-1.0602329,0.000142897,63.10124977,29.5978863,7.344418423,13.88402452,24.3212689,3.963935547
Fujian,Longyan,2640000,138.1213692,6,0.227272727,0,0,0,0.038262415,2.86E-05,0.116534346,-3.93E-06,-1.170381034,0.000131884,69.92770016,35.3783698,7.385430228,11.63372261,20.90477047,5.282058762
Fujian,Nanping,2690000,102.1786547,20,0.743494424,0,0,0,0.039155674,2.38E-05,0.118275448,7.26E-06,-1.116146236,0.000142594,63.90750219,27.06295511,7.956481467,4.758023194,23.99196302,6.531751724
Fujian,Ningde,2910000,220.1293847,26,0.89347079,0,0,0,0.03827004,2.97E-05,0.117644208,2.34E-07,-1.078976379,0.000130973,76.19690889,37.23199898,7.349213127,8.403977497,24.99136454,2.980309131
Fujian,Putian,2900000,743.6759117,56,1.931034483,0,0,0,0.039622722,3.81E-05,0.116741967,-2.48E-05,-1.049350291,0.000140102,73.7408955,32.39608113,5.573457011,7.15496622,18.95935984,1.643647571
Fujian,Quanzhou,8700000,796.4726359,47,0.540229885,0,0,0,0.039209899,3.83E-05,0.116540892,-1.66E-05,-1.084021867,0.000142405,82.65122396,45.76233533,5.874316635,9.536015812,35.99499651,5.417359079
Fujian,Sanming,2580000,112.4163184,14,0.542635659,0,0,0,0.039097849,2.75E-05,0.11726502,-1.72E-06,-1.140253498,0.000135214,74.54832537,36.61234078,9.212118435,10.61763076,14.31112825,7.359890011
Fujian,Xiamen,4110000,2683.784465,35,0.851581509,0,0,0,0.041059197,6.76E-05,0.116659474,-2.22E-05,-1.00291543,0.000165234,91.33856566,43.25277138,5.266193214,13.47359813,33.21876583,5.413121797
Fujian,Zhangzhou,5140000,410.5145703,20,0.389105058,0,0,0,0.039409643,4.08E-05,0.116366338,-2.21E-05,-1.104454552,0.000150048,85.68204084,44.27196582,4.891330265,10.68222791,21.06827263,5.227116547
Gansu,Baiyin,1734200,86.27495239,4,0.230653904,0,0,0,0.02953427,2.97E-05,0.133318003,0.000109212,-0.774895021,9.62E-05,107.0459459,91.64774775,9.397297297,14.64684685,20.27727273,22.83153153
Gansu,Dingxi,2821700,143.3298139,9,0.318956657,0,0,0,0.027103681,1.94E-05,0.129310954,5.19E-05,-0.902554362,9.54E-05,95.48574238,59.05358899,7.823326772,10.52753196,27.18886098,12.13176008
Gansu,Gannan Tibetan,720200,19.72872742,8,1.110802555,0,0,0,0.021253268,8.97E-06,0.126147101,3.91E-05,-1.084701728,6.81E-05,120.0005013,76.00050125,13.25714286,14.49573935,18.25520041,7.102255639
Gansu,Jiayuguan,252000,193.8207353,0,0,0,0,,0.030044637,4.49E-05,0.138851378,0.000108622,-0.473320599,8.01E-05,92.17613285,85.41895928,6.92458984,13.28798575,50.53927335,14.35908083
Gansu,Jinchang,468600,63.6832358,1,0.213401622,0,0,0,0.027226929,2.11E-05,0.137034894,8.65E-05,-0.601430957,8.35E-05,94.48538593,75.52193114,11.36142193,8.940285566,39.04528176,21.69847781
Gansu,Jiuquan,1127000,7.737810646,0,0,0,0,,0.025797452,1.03E-05,0.139807465,3.62E-05,-0.382104772,6.09E-05,,,,,,
Gansu,Lanzhou,3753600,282.8722345,36,0.959079284,2,0.053282182,5.555555556,0.02978857,5.95E-05,0.13217478,0.000137367,-0.888594758,0.000105592,121.1528249,84.55935627,13.0807547,22.743814,33.58412477,13.12395829
Gansu,Linxia Hui,2058800,254.7814498,3,0.145715951,0,0,0,0.027985731,2.77E-05,0.130440421,8.04E-05,-0.90111339,0.000109256,73.90386625,46,9.151515152,18.19958203,27.57777778,10.14315569
Gansu,Longnan,2634300,92.5652268,4,0.151842994,0,0,0,0.030641432,1.85E-05,0.12645354,5.54E-05,-0.957795172,0.000105085,107.712831,58.99185336,7.205702648,9.759674134,34.22365591,11.15682281
Gansu,Pingliang,2119100,191.4236357,9,0.424708603,0,0,0,0.032158963,3.03E-05,0.130946862,5.46E-05,-0.916597306,0.000111723,102.2907801,56.88120567,8.691489362,20.89539007,20.2954342,11.38741135
Gansu,Qingyang,2266600,83.43164128,3,0.132356834,0,0,0,0.032569808,2.40E-05,0.133553252,7.47E-05,-0.920119367,0.000106536,82.62049207,58.15493814,9.968095303,5.998089441,31.55336677,7.765268006
Gansu,Tianshui,3354900,235.757334,12,0.357685773,0,0,0,0.030931822,2.28E-05,0.128910794,5.34E-05,-0.9288139,0.000107536,96.33895297,58.86956522,7.409498208,16.15794144,25.8513146,9.653948536
Gansu,Wuwei,1827800,55.89208982,0,0,0,0,,0.027905447,1.97E-05,0.13674862,7.33E-05,-0.589333699,8.38E-05,95.1841637,76.27669039,13.95907473,11.47686833,25.50499546,16.83985765
Gansu,Zhangye,1233800,31.15862739,2,0.162100827,0,0,0,0.023613338,1.64E-05,0.136827746,5.26E-05,-0.788481188,6.90E-05,90.05929204,63.61946903,5.738938053,9.476106195,34.63333333,12.32035398
Guangdong,Chaozhou,2656600,828.8113932,6,0.225852594,0,0,0,0.040545407,3.84E-05,0.116294718,-2.08E-05,-1.110440736,0.000150058,99.7589314,48.42938855,9.943219419,8.101516728,40.91574583,6.467223261
Guangdong,Dongguan,8392200,3469.672666,100,1.19158266,1,0.011915827,1,0.044731199,0.000125673,0.116526592,-4.97E-05,-0.938996871,0.000219848,98.57647141,44.61406703,7.511318863,16.00101777,35.19224004,8.077706303
Guangdong,Foshan,7905700,2036.169053,100,1.214313723,0,0,0,0.045435338,0.000160883,0.116541902,-3.01E-05,-0.941954922,0.000215633,99.63088733,47.26259439,8.84990904,20.28441155,24.04725528,9.423629885
Guangdong,Guangzhou,14904400,2088.678485,507,3.133302917,1,0.006709428,0.214132762,0.044277806,9.51E-05,0.116669202,-3.91E-05,-1.023903909,0.000194757,100.554408,48.22024175,8.093725901,17.63483414,28.10195826,7.469590665
Guangdong,Heyuan,3093900,198.0239753,4,0.129286661,0,0,0,0.040842835,2.90E-05,0.116464453,-2.69E-05,-1.180112864,0.000146464,92.92767036,41.60768086,7.706140528,10.92837258,27.080534,5.678277851
Guangdong,Huizhou,4830000,427.1469298,62,1.283643892,0,0,0,0.042497798,4.75E-05,0.116443349,-3.99E-05,-1.112951485,0.000162581,81.91322805,40.05766032,6.178458085,9.521392269,28.01778569,5.484315394
Guangdong,Jiangmen,4598200,490.1912339,24,0.521943369,0,0,0,0.043834126,8.95E-05,0.116308193,-2.56E-05,-1.02056729,0.000179873,96.28402561,48.70814366,7.171785872,15.65639597,21.7232415,9.187327003
Guangdong,Jieyang,6089400,1166.321788,11,0.180641771,0,0,0,0.041381594,4.15E-05,0.116146647,-4.39E-05,-1.061753693,0.00015023,98.86262488,46.79041456,8.866759759,9.400639183,33.72853425,9.21310332
Guangdong,Maoming,6313200,554.8849282,14,0.221757587,0,0,0,0.043223681,3.04E-05,0.116029577,-2.09E-05,-1.035144644,0.000152483,87.43612214,41.21722937,7.607016215,6.764364827,28.23541415,7.844057675
Guangdong,Meizhou,4378800,276.8343288,17,0.388234219,0,0,0,0.040251019,3.22E-05,0.116368358,-2.84E-05,-1.178679275,0.000141718,94.52221504,44.0932917,8.434061999,9.978666866,23.61178929,4.736740199
Guangdong,Qingyuan,3874000,204.8100265,12,0.309757357,0,0,0,0.042348125,4.06E-05,0.116697016,-1.97E-05,-1.068752215,0.00015728,84.781354,41.14169304,9.74505594,13.28505505,24.5132093,9.625334926
Guangdong,Shantou,5638500,2733.575829,26,0.461115545,0,0,0,0.042098977,5.15E-05,0.116390825,-3.45E-05,-1.027439174,0.000162757,100.3803671,49.7758191,8.532790593,10.59486798,33.67307779,9.279950287
Guangdong,Shanwei,2993600,616.0904758,5,0.167022982,0,0,0,0.041254589,3.30E-05,0.116096961,-5.48E-05,-1.085417037,0.000143138,84.78670386,36.67016081,7.044034975,5.676778176,31.54408182,5.175694369
Guangdong,Shaoguan,2997600,163.0467758,10,0.333600214,1,0.033360021,10,0.041528531,3.15E-05,0.116861866,-1.72E-05,-1.118838666,0.000150355,93.33072456,44.03255627,9.813753726,11.91292822,25.45676707,11.44710318
Guangdong,Shenzhen,13026600,6796.338106,462,3.500529685,3,0.023029801,0.657894737,0.043398284,0.000123491,0.11632809,-5.99E-05,-0.981116026,0.000189252,92.73018457,46.59458093,9.752245453,19.21492377,33.49808803,5.337830226
Guangdong,Yangjiang,2555600,326.9752559,14,0.54781656,0,0,0,0.04298879,3.93E-05,0.116109998,-1.75E-05,-1.046315671,0.00015262,88.26508679,37.77790587,9.76704236,10.30754172,25.25192863,3.587091592
Guangdong,Yunfu,2526900,324.5355249,0,0,0,0,,0.043180945,4.41E-05,0.116262351,-1.65E-05,-1.059433852,0.00016137,89.58494526,43.24392039,10.71130995,10.16138636,18.01989307,9.901530651
Guangdong,Zhanjiang,7332000,583.9118154,24,0.327332242,0,0,0,0.044571931,3.11E-05,0.116279511,-1.58E-05,-0.993558389,0.000160843,78.56011872,38.73438767,8.741003807,6.712565199,29.69039029,5.348603053
Guangdong,Zhaoqing,4151700,279.2817781,20,0.481730376,1,0.024086519,5,0.043197132,4.27E-05,0.11659648,-3.34E-05,-1.059868777,0.000171405,100.9909525,49.48310723,9.131141543,12.8379446,22.54495127,10.20657439
Guangdong,Zhongshan,3310000,1886.477549,69,2.054380665,0,0,0,0.044346687,0.000148635,0.116472706,-4.32E-05,-0.944648864,0.00020442,88.86957659,40.27464671,9.327509549,12.32053368,23.32293153,6.211327621
Guangdong,Zhuhai,1891100,1225.112795,103,5.446565491,1,0.052879277,0.970873786,0.04327418,0.000113044,0.116443992,-3.72E-05,-0.99474263,0.00016207,92.46603867,50.6747645,8.75,16.70004958,31.66914683,6.233515121
Guangxi,Baise,3669400,101.2976033,3,0.081757236,0,0,0,0.040747125,2.34E-05,0.116451155,-6.63E-06,-1.029134403,0.000152178,96.81082816,46.31925725,7.676343873,6.866610544,20.51076341,6.831742608
Guangxi,Beihai,1680000,483.203079,44,2.619047619,1,0.05952381,2.272727273,0.046104537,3.33E-05,0.116279942,-6.67E-06,-0.979847531,0.000164073,79.88741781,44.27809495,10.51598368,6.797148919,34.15477172,5.741843586
Guangxi,Chongzuo,2099400,120.7369859,0,0,0,0,,0.043056279,2.74E-05,0.116397256,-2.20E-05,-0.915738415,0.000168076,,,,,,
Guangxi,Fangchenggang,953300,158.7008391,19,1.993076681,0,0,0,0.04376793,2.87E-05,0.116174255,-2.38E-05,-0.896139395,0.000161141,,,,,,
Guangxi,Guigang,4409200,414.932516,8,0.18143881,0,0,0,0.044955907,3.53E-05,0.11665023,-2.27E-05,-0.929001833,0.000170362,,,,,,
Guangxi,Guilin,5085500,184.5570847,32,0.629239996,0,0,0,0.041706072,2.78E-05,0.117034522,-8.82E-06,-0.941404457,0.000153284,116.1594843,53.53832081,9.355430057,10.61437182,28.2697182,11.12117549
Guangxi,Hechi,3545700,106.1342196,28,0.789688919,1,0.028203176,3.571428571,0.041562073,2.15E-05,0.116864754,-7.01E-06,-0.901140764,0.000140105,96.14477212,45.18319929,11.70598749,9.645218945,17.15173675,12.91867739
Guangxi,Hezhou,2072600,177.6073816,4,0.192994307,0,0,0,0.042190314,2.82E-05,0.116690954,-2.68E-05,-0.991437372,0.000153843,93.41553749,47.29739443,5.492362983,6.298292902,22.35321101,7.374663073
Guangxi,Laibin,2233900,169.7635797,11,0.492412373,0,0,0,0.044180627,3.13E-05,0.116732055,-1.86E-05,-0.911753033,0.000158536,,,,,,
Guangxi,Liuzhou,4041700,214.8297937,24,0.593809536,0,0,0,0.043596765,3.07E-05,0.117230973,-9.78E-07,-0.913669804,0.000155719,120.9628855,59.59870214,9.689644158,11.99242084,32.79267732,14.87264398
Guangxi,Nanning,7254100,328.0151665,55,0.758191919,0,0,0,0.044656809,3.53E-05,0.116653231,-1.73E-05,-0.88994398,0.00017064,100.8115236,52.50481406,8.130979077,13.87547543,20.11183585,6.484211366
Guangxi,Qinzhou,3304400,308.3094851,8,0.242101441,0,0,0,0.04497249,3.06E-05,0.11635837,-1.97E-05,-0.929882234,0.000168007,88.46749777,44.62778272,10.01959038,6.024042743,23.38630137,10.97506679
Guangxi,Wuzhou,3061100,244.1029623,5,0.163339976,0,0,0,0.043594894,3.03E-05,0.116516872,-2.56E-05,-1.001056717,0.000159899,85.98069151,36.78221823,13.4207454,8.943421643,35.91020408,6.889986529
Guangxi,Yulin,5849700,454.9643913,11,0.188043831,0,0,0,0.044368171,3.38E-05,0.116191951,-2.48E-05,-0.968677936,0.000166778,89.16358334,39.52295218,8.732480836,7.948138893,28.00732398,9.462251302
Guizhou,Anshun,2353100,252.4876516,4,0.169988526,0,0,0,0.037767471,3.13E-05,0.116927872,2.53E-05,-0.981748244,0.00013685,,,,,,
Guizhou,Bijie,6686100,249.5153022,23,0.343997248,0,0,0,0.034848541,3.33E-05,0.117237535,4.00E-05,-1.013545475,0.000130689,,,,,,
Guizhou,Guiyang,4881900,607.6200325,36,0.737417809,1,0.020483828,2.777777778,0.03823322,4.58E-05,0.117516109,3.12E-05,-0.926959987,0.000134096,101.0342835,49.26246921,6.597555228,12.59477262,19.48679608,9.851237495
Guizhou,Liupanshui,2937300,294.5359884,10,0.340448711,1,0.034044871,10,0.034908037,3.75E-05,0.116597081,3.53E-05,-1.035528284,0.000140473,,,,,,
Guizhou,Qiandongnan Miao and Dong,3538300,116.8104536,10,0.282621598,0,0,0,0.039986186,2.33E-05,0.117708565,1.60E-05,-0.915244577,0.000135381,,,,,,
Guizhou,Qiannan Buyei and Miao,3292100,126.3810072,17,0.516387716,0,0,0,0.038743253,2.52E-05,0.117093492,5.83E-06,-0.955614193,0.000128251,,,,,,
Guizhou,Qianxinan Buyei and Miao,2871700,170.9085005,4,0.139290316,0,0,0,0.038121128,2.73E-05,0.11665162,1.34E-05,-1.067779066,0.000147852,,,,,,
Guizhou,Tongren,3168800,176.6351527,10,0.315576875,0,0,0,0.040427225,2.47E-05,0.119055194,4.42E-06,-0.909820097,0.000138337,,,,,,
Guizhou,Zunyi,6270700,203.7647828,32,0.510309854,0,0,0,0.039093332,2.94E-05,0.118939913,2.32E-05,-0.86426161,0.00013817,110.5772524,59.64850435,6.875604156,13.88736996,20.44541515,10.56647967
Hainan,Haikou,2272100,1010.298849,39,1.716473747,0,0,0,0.042008287,2.60E-05,0.116121736,-2.61E-05,-1.009461417,0.000164184,67.07403564,33.48530249,5.900766286,6.278787333,21.32462583,2.806791134
Hainan,Hainan,6221700,207.8975538,75,1.205458315,5,0.080363888,6.666666667,0.040464629,1.94E-05,0.11592066,-2.17E-05,-1.150891646,0.000145881,58.38518715,28.06993032,6.59352883,3.958613619,20.31040621,2.139585894
Hainan,Sanya,764200,405.2704795,55,7.066213033,1,0.130855797,1.851851852,0.039702165,1.76E-05,0.116019776,-9.27E-06,-1.181331286,0.000128936,57.27687734,26.08681939,6.401771701,6.50117711,17.15412301,1.14401485
Hebei,Baoding,11690500,524.2480884,32,0.27372653,0,0,0,0.049347506,0.000128946,0.144673118,0.000184135,-0.899701806,0.000185776,186.9598806,140.9169337,14.66422909,24.91311693,26.77753113,29.42086726
Hebei,Cangzhou,7554900,532.0506977,48,0.635349244,3,0.039709328,6.25,0.05235894,0.000136095,0.143805384,0.000183311,-0.862381207,0.000197175,154.1450426,91.41426746,9.053035687,18.76100611,24.6583716,23.5649445
Hebei,Chengde,3565000,90.27034292,7,0.196353436,0,0,0,0.037749593,3.76E-05,0.150892742,0.000116611,-1.076614074,0.000106698,114.6644204,69.56284253,8.681413723,15.27435562,26.99652184,13.71801076
Hebei,Handan,9511100,788.799781,32,0.336448991,0,0,0,0.05744149,0.000153924,0.137848201,0.000212828,-0.957199562,0.000209296,176.5995924,122.7421141,15.73575665,23.0856567,19.40155723,30.76929038
Hebei,Hengshui,4460400,504.9708462,8,0.179356112,0,0,0,0.052936039,0.000132756,0.142019568,0.000197507,-0.86016425,0.000200361,183.9647449,126.9874503,11.7062651,19.65958926,28.21580929,21.79695884
Hebei,Langfang,4741000,741.043583,30,0.632777895,0,0,0,0.052739012,0.000160323,0.146553077,0.0001828,-0.787781226,0.000210333,162.9463561,109.6519565,12.90089092,24.0198796,25.06554903,17.8505611
Hebei,Qinhuangdao,3110800,400.1805321,10,0.321460718,1,0.032146072,10,0.054357675,0.000119942,0.14953548,0.000211039,-0.995134066,0.000147777,127.4440672,83.23788516,12.00896087,20.54693097,21.33996813,20.95182663
Hebei,Shijiazhuang,10879900,773.9765412,29,0.266546568,0,0,0,0.053895084,0.000170954,0.142066218,0.00024644,-0.881614528,0.000201515,186.6507982,139.8904006,13.56086891,24.64458967,22.39926768,29.75392849
Hebei,Tangshan,7897000,594.2077604,58,0.734456123,1,0.012663037,1.724137931,0.060604597,0.000180645,0.148482885,0.0002364,-0.919338932,0.000168776,150.6982964,100.377029,16.03403324,25.64628312,27.45902914,24.11278695
Hebei,Xingtai,7351600,589.3266134,23,0.312857065,1,0.013602481,4.347826087,0.055677153,0.000155276,0.139941598,0.000224791,-0.89690043,0.000207087,177.6173075,134.8703784,13.34151958,26.44833749,20.52823928,27.91661523
Hebei,Zhangjiakou,4433100,120.7709468,41,0.924860707,0,0,0,0.035420929,4.96E-05,0.148256089,9.53E-05,-0.967595558,9.71E-05,102.5194407,63.6747965,7.488320492,11.77513745,26.07797097,18.11161285
Heilongjiang,Daqing,3184000,153.7633815,27,0.816582915,1,0.031407035,3.846153846,0.03922756,2.72E-05,0.164182741,0.000102565,-0.823068688,0.000106057,103.0159952,49.35217426,5.671111096,11.86864341,34.05778782,9.390529226
Heilongjiang,Daxing'anling,471000,7.273398603,3,0.636942675,0,0,0,0.034757786,4.96E-06,0.170378233,-2.62E-05,-1.122216002,5.50E-05,,,,,,
Heilongjiang,Harbin,10981000,205.9444331,264,1.80311447,4,0.036426555,2.02020202,0.040206391,3.61E-05,0.16368479,0.000115628,-0.898969576,0.000114713,129.2425975,73.40587849,8.314761622,22.38663094,26.33977606,18.99365657
Heilongjiang,Hegang,1037000,72.26209739,5,0.482160077,0,0,0,0.039168589,1.68E-05,0.167870351,0.00011602,-0.890009504,9.01E-05,100.1861019,53.08938895,8.976847132,6.646547637,22.82529906,5.748824326
Heilongjiang,Heihe,1642000,24.56255145,14,0.852618758,0,0,0,0.036780972,1.15E-05,0.168238987,7.81E-05,-0.973938273,7.53E-05,69.1088955,34.08516809,3.431589529,7.125888861,20.06140801,10.07190897
Heilongjiang,Jiamusi,2518000,78.99145258,15,0.595710882,0,0,0,0.039922633,2.04E-05,0.167150934,8.99E-05,-0.878931232,9.41E-05,76.69888482,38.33134546,7.91165173,11.11483286,23.87001156,5.671286433
Heilongjiang,Jixi,1842000,72.8627605,46,2.497285559,0,0,0,0.040226791,2.54E-05,0.164061873,0.000103392,-0.879880311,0.000108905,63.2690556,37.55513778,7.978462665,8.048967562,18.745269,10.42697347
Heilongjiang,Mudanjiang,2755000,71.22609104,25,0.54446461,0,0,0,0.038051169,1.97E-05,0.161969182,0.000101667,-1.03777683,9.58E-05,110.5391226,60.47843236,7.437150463,12.38832878,28.17467953,10.89565035
Heilongjiang,Qiqihar,5052000,119.6646196,43,0.85114806,1,0.019794141,2.325581395,0.038019065,2.02E-05,0.165636229,9.93E-05,-0.892078738,9.28E-05,90.43822287,50.78821335,8.272883577,11.26390642,27.35662095,14.39923506
Heilongjiang,Qitaihe,868000,162.3756388,17,1.958525346,0,0,0,0.039829163,2.78E-05,0.164431656,0.000116356,-0.917443764,0.000107189,101.8568465,56.12759336,3.908713693,5.702282158,20.15621679,5.190871369
Heilongjiang,Shuangyashan,1459000,63.13683753,52,3.56408499,3,0.205620288,5.769230769,0.039823623,2.23E-05,0.166156798,0.000107415,-0.921523624,9.57E-05,98.39395294,51.97396293,6.700955855,9.809915378,22.26396474,8.831120709
Heilongjiang,Suihua,5213000,147.4046078,47,0.901592173,4,0.076731249,8.510638298,0.039141714,3.09E-05,0.165318646,9.82E-05,-0.873568199,0.000106392,89.29740841,44.72504845,4.802223343,11.3329202,25.44921514,9.439363989
Heilongjiang,Yichun,1098000,33.29733281,1,0.091074681,0,0,0,0.037795863,1.41E-05,0.167421291,0.000112772,-1.027160543,8.37E-05,62.27582313,36.83272651,3.826111294,7.257188397,18.44646785,3.75122695
Henan,Anyang,5176000,711.13178,53,1.023956723,0,0,0,0.054404957,0.000132148,0.13610096,0.000143888,-0.996514163,0.000204367,148.8487111,100.5199857,18.84841463,23.34900903,19.12546742,24.7254038
Henan,Hebi,1627300,755.707787,19,1.167578197,0,0,0,0.054449869,0.00014007,0.135910419,0.000138265,-1.00596886,0.000203439,142.1848596,91.07967179,14.84962666,22.25785117,24.16684379,21.93769201
Henan,Jiaozuo,3590700,853.9941386,32,0.891191133,1,0.027849723,3.125,0.052876463,0.000132615,0.133811119,0.000149319,-0.970036651,0.000207746,144.4686102,81.08309821,20.94831908,20.08732956,16.9710391,33.1194387
Henan,Jiyuan shi,732700,387.1149021,5,0.682407534,0,0,0,0.050336044,0.000103236,0.133233903,0.000145975,-1.03148928,0.000201446,128.4919355,86.29737903,14.87487386,14.32459677,15.58054711,27.73891129
Henan,Kaifeng,4564900,729.656823,26,0.569563408,0,0,0,0.050881482,0.000110071,0.132816885,0.000102838,-0.970843873,0.000192784,138.1806193,81.59932935,13.86301461,16.77161607,21.53462936,15.08986917
Henan,Luohe,2665300,1007.416203,36,1.35069223,0,0,0,0.050131327,8.86E-05,0.130133325,6.19E-05,-1.011247871,0.000188181,,,,,,
Henan,Luoyang,6888500,457.7222412,31,0.450025405,1,0.014516949,3.225806452,0.044145279,6.19E-05,0.130735899,8.48E-05,-1.069599617,0.000172782,138.0048439,85.83714789,17.17080576,20.37618832,24.69084433,23.82422468
Henan,Nanyang,10013600,377.120584,156,1.557881281,3,0.029959255,1.923076923,0.047181603,5.44E-05,0.128117547,4.07E-05,-1.03240203,0.000182245,139.2776416,96.78605727,10.86240485,13.80796347,36.49116951,12.30397305
Henan,Pingdingshan,5027700,638.0715342,58,1.153609006,1,0.01988981,1.724137931,0.048881278,8.00E-05,0.130121163,5.64E-05,-1.014863143,0.000196098,151.8598097,94.09603065,10.59371737,20.51945213,33.70203597,25.63723193
Henan,Puyang,3609400,860.556577,17,0.470992409,0,0,0,0.051489513,0.000121568,0.136456759,0.000116963,-0.981277326,0.000204057,153.459074,90.42626144,13.79818885,19.94533568,24.78124216,16.7602939
Henan,Sanmenxia,2272900,228.9429788,7,0.307976594,1,0.043996656,14.28571429,0.040688553,5.30E-05,0.130322847,6.70E-05,-1.055329669,0.000150827,153.672049,87.83564661,15.09571716,18.5788156,20.85653765,30.19652931
Henan,Shangqiu,7325300,683.6522215,91,1.242269941,3,0.040953954,3.296703297,0.049784249,9.18E-05,0.132214806,8.49E-05,-1.035250571,0.000182824,135.4886364,72.55519481,6.883169935,15.58198052,31.04493464,12.48782468
Henan,Xinxiang,5794100,703.1642391,57,0.983759341,3,0.051776807,5.263157895,0.052729574,0.000131139,0.134502556,0.000124491,-0.985608719,0.000201668,154.2737268,98.53078043,13.14574304,20.92812495,21.89931297,22.30893153
Henan,Xinyang,6474100,342.4625768,274,4.232248498,2,0.030892325,0.729927007,0.048272282,5.50E-05,0.126618032,3.54E-05,-1.068077259,0.000178335,,,,,,
Henan,Xuchang,4437400,887.985272,39,0.878893045,1,0.022535719,2.564102564,0.050245715,0.000102399,0.131202784,8.81E-05,-0.99559285,0.000199301,144.5619957,91.02397227,12.86420059,22.2770703,21.16243076,15.42287314
Henan,Zhengzhou,10136000,1347.839206,157,1.548934491,5,0.049329124,3.184713376,0.050231398,0.0001335,0.132548873,0.000125038,-0.972794323,0.000206159,157.1779282,107.3988126,14.31078017,24.65351315,23.11324547,17.60493008
Henan,Zhoukou,8677800,721.7941513,76,0.875798013,1,0.011523658,1.315789474,0.049964266,7.99E-05,0.130536497,7.19E-05,-1.020891866,0.000180692,149.6650277,94.06277791,21.87592626,10.61601841,15.52757297,12.0459567
Henan,Zhumadian,7036600,465.9856091,139,1.97538584,0,0,0,0.049363757,6.60E-05,0.128391007,4.12E-05,-1.020628288,0.000182765,,,,,,
Hubei,Enshi Tujia and Miao,3361000,138.9706966,252,7.497768521,7,0.208271348,2.777777778,0.037836377,2.06E-05,0.121207062,2.35E-05,-0.954278085,0.000124446,130.6506463,64.98525496,10.40797649,11.38534423,17.13548781,10.02805043
Hubei,Ezhou,1076900,532.053421,1394,129.445631,59,5.478688829,4.232424677,0.05067109,9.12E-05,0.123269357,4.97E-05,-1.044775093,0.000210588,140.2317033,74.38138092,13.92779339,15.6131243,26.52866509,11.97116844
Hubei,Huanggang,6341000,370.2991464,2907,45.84450402,125,1.971297903,4.2999656,0.046953719,5.06E-05,0.123725086,2.10E-05,-1.098548939,0.000185531,,,,,,
Hubei,Huangshi,2470500,539.0257616,1015,41.08480065,39,1.578627808,3.842364532,0.048945012,6.62E-05,0.122336053,1.13E-05,-1.043379281,0.000194415,145.8273312,80.52896978,15.44345549,18.45840674,20.56396763,14.56186091
Hubei,Jingmen,2901500,235.0124872,928,31.98345683,41,1.413062209,4.418103448,0.0486493,5.20E-05,0.124538636,2.02E-05,-1.056685377,0.000181412,145.7856894,88.92485697,9.086226061,15.51296623,29.22557684,16.05276145
Hubei,Jingzhou,5641700,400.2757739,1580,28.00574295,52,0.921707996,3.291139241,0.048784293,5.02E-05,0.122980084,9.96E-06,-1.03646365,0.0001893,113.1739101,62.00341603,10.44706482,13.43997271,31.4553938,12.44053598
Hubei,Qianjiang,437757,216.3224618,198,45.23057313,9,2.055935142,4.545454545,0.049225987,5.22E-05,0.123570005,7.38E-07,-1.044109897,0.0001879,147.5289492,77.79343034,8.658100825,13.75497521,23.05494195,13.2273041
Hubei,Shennongjia,1687005,522.4457675,11,0.652043118,0,0,0,0.033637525,1.64E-05,0.122910686,3.65E-05,-1.041770582,0.000107572,110.7121518,45.24093148,5.291632819,6.858295964,22.88609647,5.633333333
Hubei,Shiyan,3418000,144.6487582,672,19.66062025,8,0.234055003,1.19047619,0.040969702,2.55E-05,0.12589278,2.71E-05,-1.051658905,0.000147149,107.7453533,52.16226451,6.998217289,10.01351167,17.9806176,10.36234831
Hubei,Suizhou Shi,2210500,230.2010772,1307,59.12689437,45,2.035738521,3.442999235,0.048343951,5.06E-05,0.125824095,3.03E-05,-1.078372878,0.000185587,144.5280676,85.62185163,17.1438881,11.76672742,25.72940602,10.14839986
Hubei,Tianmen,788509,298.6904844,496,62.90353059,15,1.902324514,3.024193548,0.049647392,5.66E-05,0.123963184,8.86E-06,-1.032946874,0.000180255,138.5834077,64.90180752,6.165379373,8.723986321,24.04012483,6.484076433
Hubei,Wuhan,10892900,1300.241018,50340,462.0716246,3869,35.51854878,7.686805873,0.050669917,0.00010015,0.123752617,1.78E-05,-1.046914988,0.000209312,141.4532854,71.81974947,9.97355449,23.41802092,23.07090102,10.54780738
Hubei,Xiangfan,5654000,286.612579,1175,20.78174744,40,0.689777149,3.319148936,0.04644367,4.56E-05,0.125686477,2.24E-05,-1.036000827,0.000172757,133.7317756,72.66396441,8.534774104,13.71675364,36.92962391,10.20686956
Hubei,Xianning,2535100,260.0305903,836,32.97700288,15,0.591692635,1.794258373,0.046577517,4.29E-05,0.121755451,-3.91E-06,-1.045267411,0.00018703,130.2898103,68.72579483,12.75361544,10.49619082,25.17331524,7.645872561
Hubei,Xiantao,553029,218.9212962,575,103.9728477,22,3.978091565,3.826086957,0.049226581,5.60E-05,0.123416533,8.95E-06,-1.036098902,0.000187465,136.4650838,77.00863761,8.266157054,13.12539063,18.22210672,14.23554688
Hubei,Xiaogan,4915000,553.521776,3518,71.5768057,129,2.624618515,3.666856168,0.049600363,6.48E-05,0.124648404,3.30E-05,-1.069642776,0.00019425,145.7138452,81.32325804,12.84423564,10.8953525,26.76174177,8.855993551
Hubei,Yichang,4135600,194.3814732,931,22.51184834,37,0.870490376,3.866809882,0.042490172,3.57E-05,0.122915088,2.55E-05,-1.032814343,0.000155497,120.6965631,68.13147972,9.655879357,15.79796348,23.15123824,14.24183129
Hunan,Changde,5827200,319.2143157,82,1.40719385,0,0,0,0.046592155,3.64E-05,0.121648397,3.56E-06,-0.991558085,0.000179495,123.5973746,62.84896238,12.20996909,10.62143409,26.01717013,12.93339566
Hunan,Changsha,8154700,692.7171459,242,2.967613769,2,0.024525734,0.826446281,0.046617617,5.25E-05,0.120285289,-6.23E-06,-0.997226438,0.000192653,130.7236287,61.89092612,8.558228446,16.38498958,31.67940414,9.792950655
Hunan,Chenzhou,4744500,244.4590648,39,0.822004426,0,0,0,0.042193786,3.17E-05,0.117351465,-6.16E-06,-1.05057506,0.000150867,80.76629248,42.5545845,10.17699793,10.24268296,18.40273781,9.543314114
Hunan,Hengyang,7243400,471.393594,48,0.662672226,0,0,0,0.046499554,4.33E-05,0.118792336,-7.12E-06,-1.000345161,0.000184753,111.1366876,57.15125509,8.969898795,11.85945811,25.17489936,6.889569717
Hunan,Huaihua,4979600,180.6880636,40,0.803277372,0,0,0,0.043576493,2.68E-05,0.119084122,6.34E-06,-0.972068126,0.000161361,103.7977314,54.82251888,9.039082152,5.827487249,24.37573535,8.461027371
Hunan,Loudi,3931800,484.1875162,76,1.932956915,0,0,0,0.046738485,4.45E-05,0.119346435,2.25E-05,-0.98316467,0.000180207,99.43282104,56.23915254,7.882747548,6.812973123,24.41299889,13.33615299
Hunan,Shaoyang,7370500,319.8828725,102,1.383895258,1,0.013567601,0.980392157,0.0428996,3.14E-05,0.118154165,1.79E-05,-0.965419447,0.000163462,110.7954596,51.76918565,7.688735187,9.265465832,22.55040331,15.25118834
Hunan,Xiangtan,2864800,566.3460726,36,1.256632226,0,0,0,0.048734843,6.02E-05,0.119863032,3.01E-09,-0.9966816,0.000199876,134.3270403,74.06957836,9.591806921,21.56153449,37.74438528,15.14872064
Hunan,Xiangxi Tujia and Miao,2649500,170.9705734,8,0.301943763,0,0,0,0.042201903,2.49E-05,0.120118631,6.19E-07,-0.957496932,0.000151424,,,,,,
Hunan,Yiyang,4413800,362.3756162,60,1.359372876,0,0,0,0.047144764,3.70E-05,0.120692637,7.28E-07,-0.973058779,0.000185203,105.1407671,56.84327308,7.622430792,10.78361763,31.08342766,13.42544415
Hunan,Yongzhou,5452100,270.5596356,44,0.807028484,0,0,0,0.043234451,3.05E-05,0.117375596,-1.06E-05,-1.000648912,0.000160967,110.1793236,49.95910292,5.931239468,12.14384108,25.68773499,12.13250526
Hunan,Yueyang,5797100,390.9606342,156,2.691000673,1,0.017250004,0.641025641,0.047005984,4.55E-05,0.121373204,-7.00E-06,-1.009932035,0.000194579,126.8600649,69.85625851,12.12426069,9.344524523,20.07704498,15.52381944
Hunan,Zhangjiajie,1537900,160.9326725,5,0.325118668,0,0,0,0.042683453,2.50E-05,0.120932648,6.07E-06,-0.968439099,0.000148999,125.9605254,60.67532098,11.99065863,7.148812528,31.62800278,9.541812944
Hunan,Zhuzhou,4020800,356.1234149,80,1.9896538,0,0,0,0.044812138,4.14E-05,0.118755422,-3.07E-06,-1.039765377,0.000171439,123.5448987,62.45746121,7.950983827,15.3336622,32.881133,12.81686414
Jiangsu,Changzhou,4728600,1077.451361,51,1.078543332,0,0,0,0.049277342,0.000146044,0.125841721,5.44E-05,-1.04884489,0.00018694,117.2241927,61.8185233,5.850311641,18.21004726,27.83796295,13.26238341
Jiangsu,Huai'an,4925000,493.1492982,66,1.340101523,0,0,0,0.048170371,9.18E-05,0.129987625,8.63E-05,-1.077442019,0.000170123,,,,,,
Jiangsu,Lianyungang,4520000,610.2037232,48,1.061946903,0,0,0,0.051309696,0.000112877,0.133310478,0.000119602,-1.0571298,0.000171819,122.9214675,72.1560788,5.331787141,16.22088638,30.48860138,13.25628823
Jiangsu,Nanjing,8436200,1280.693021,93,1.102392072,0,0,0,0.049279605,0.000131963,0.126431974,5.84E-05,-1.07313877,0.000192152,126.1241003,73.37452758,5.124173258,22.76042011,29.88161056,10.38242132
Jiangsu,Nantong,7310000,821.0998817,40,0.547195622,0,0,0,0.04673411,0.000116716,0.12705303,5.48E-05,-0.991483529,0.000149884,113.4191202,58.88101186,3.905805015,14.49921051,34.45608663,12.93442299
Jiangsu,Suqian,4925900,574.1845919,13,0.263911163,0,0,0,0.049182811,9.47E-05,0.131140703,9.66E-05,-1.077741453,0.000178202,118.024507,68.93912123,6.002339781,13.47424641,27.12199865,9.970428809
Jiangsu,Suzhou,10721700,1267.951687,87,0.811438485,0,0,0,0.047348021,0.000185385,0.125301621,6.10E-05,-0.999116127,0.000184171,112.1756454,57.96649412,5.304418878,17.9742142,28.97365839,9.599715964
Jiangsu,Taizhou,4635700,801.6051087,37,0.798153461,0,0,0,0.047750141,0.000126351,0.12806072,6.61E-05,-1.054546672,0.000168851,134.2562609,71.39193063,5.428350673,13.25475175,28.40511863,15.3069909
Jiangsu,Wuxi,6574500,1428.39279,55,0.836565518,0,0,0,0.04876054,0.000177052,0.125605715,5.67E-05,-1.023518832,0.000186844,121.8835589,63.91702263,6.356108904,17.69379639,29.00714175,13.34587637
Jiangsu,Xuzhou,8802000,784.0634936,79,0.89752329,0,0,0,0.051350387,0.000117209,0.132618484,0.000120606,-1.034181275,0.000185344,129.7646631,81.72767493,7.252153494,17.78794617,26.99915223,18.83972678
Jiangsu,Yancheng,7200000,469.4991618,27,0.375,0,0,0,0.047238264,8.24E-05,0.130394764,8.03E-05,-1.047586254,0.000151948,107.3845072,56.22299522,3.974155051,9.568108245,35.66324182,8.694088436
Jiangsu,Yangzhou,4531000,684.6912585,23,0.507614213,0,0,0,0.048085603,0.000109996,0.128457173,6.93E-05,-1.051924868,0.000169819,114.408161,62.66552721,3.683401875,12.88074285,26.43798298,11.95087168
Jiangsu,Zhenjiang,3196400,835.3611736,12,0.37542235,0,0,0,0.048966477,0.000143381,0.126693581,5.15E-05,-1.066057226,0.000184299,127.1871341,65.38582616,6.377307005,20.30241424,24.69741643,12.37645118
Jiangxi,Fuzhou,4031037,214.1533686,72,1.786140886,0,0,0,0.042832706,3.33E-05,0.119049489,7.61E-06,-1.09595369,0.000163274,92.69804058,44.852025,8.377408149,8.044924685,25.3386433,7.79204719
Jiangxi,Ganzhou,8635583,219.1005804,76,0.88007955,1,0.011579994,1.315789474,0.041065689,2.83E-05,0.11727571,-1.10E-05,-1.113139215,0.000147537,98.24324477,44.15172241,7.766099614,8.781361738,22.22269618,12.56058238
Jiangxi,Ji'an,4941941,195.3813321,22,0.445169216,0,0,0,0.044387098,3.55E-05,0.118558303,9.00E-06,-1.076935588,0.000163526,,,,,,
Jiangxi,Jingdezhen,1664901,316.5318895,6,0.360381788,0,0,0,0.045259222,3.81E-05,0.121422339,2.58E-05,-1.121319417,0.000178391,95.46645529,45.41079733,5.069325897,6.368578153,14.22499408,3.630621429
Jiangxi,Jiujiang,4873276,259.0788018,118,2.421369116,0,0,0,0.046156684,4.33E-05,0.121307453,1.28E-05,-1.079533676,0.000182187,108.1599475,56.00411317,7.081886864,13.1037458,25.09650932,16.18665659
Jiangxi,Nanchang,5463538,738.2745489,230,4.209726371,0,0,0,0.047233546,5.75E-05,0.120848149,2.09E-05,-1.061513138,0.000191329,104.1631988,57.22307524,8.239832353,13.83663374,25.46446461,11.94475349
Jiangxi,Pingxiang,1924998,507.2926657,33,1.714287495,0,0,0,0.04645347,4.83E-05,0.119084808,1.33E-05,-1.007195667,0.000172276,108.5988164,54.50008055,8.226823948,6.36997216,15.4316666,9.902508353
Jiangxi,Shangrao,6783414,297.6117054,123,1.81324625,0,0,0,0.044352352,3.86E-05,0.120501611,4.01E-05,-1.089535025,0.000174143,96.7178839,44.44223107,4.761424314,11.8479206,20.5248095,17.11926488
Jiangxi,Xinyu,1180699,369.2156118,130,11.01042687,0,0,0,0.047886009,6.49E-05,0.119629391,3.59E-05,-1.04175849,0.000181573,105.8230961,56.07489955,10.85033558,11.58050898,18.01740878,17.16571555
Jiangxi,Yichun,5553748,297.2447003,106,1.908620989,0,0,0,0.04558155,4.81E-05,0.120042939,1.66E-05,-1.054107054,0.000176311,99.72276283,43.97997407,7.712393697,8.918647983,17.43898758,9.784671286
Jiangxi,Yingtan,1167501,330.5568888,18,1.541754568,0,0,0,0.044605641,4.14E-05,0.120066218,3.46E-05,-1.079061544,0.000175174,86.41317952,61.83623177,5.818922656,8.675144585,25.2048319,13.75813659
Jilin,Baicheng,2032356,79.12293014,1,0.049203978,0,0,0,0.039156705,2.20E-05,0.161953217,0.000104598,-0.726166801,0.000100895,145.1165319,76.37265126,10.96401417,9.36276037,24.25113497,8.133451217
Jilin,Baishan,1296127,74.31617192,2,0,1,0,,0.037153144,1.95E-05,0.155323835,0.000113992,-1.1145318,8.43E-05,114.2318584,58.32123894,10.91327434,13.33097345,21.53958144,13.70884956
Jilin,Changchun,7674439,374.6368016,49,0.599392346,0,0,0,0.041808416,5.52E-05,0.160685703,0.000103118,-0.834567837,0.000121802,124.3859426,74.0164232,7.873620274,20.14589137,24.93088986,15.73315945
Jilin,Jilin,4413157,160.0891311,59,0.135957094,1,0,0,0.040704645,4.27E-05,0.159051536,0.000126758,-0.988455071,0.000112939,118.7686986,69.94802307,8.933484848,15.74107653,28.50491498,13.52105407
Jilin,Liaoyuan,1176239,227.9567682,7,0.595117149,0,0,0,0.042391881,4.88E-05,0.157199784,9.90E-05,-0.977915532,0.000113776,117.8488465,62.21612662,9.589810561,11.44225701,22.7477548,13.75163968
Jilin,Siping,3385156,236.3059422,21,0.443111041,1,0.029540736,6.666666667,0.042749641,5.30E-05,0.158928433,9.50E-05,-0.827525822,0.00011437,113.1865993,55.36911245,7.604517557,13.06176498,27.66987995,13.6879712
Jilin,Songyuan,2880086,135.8625782,2,0.069442371,0,0,0,0.040440584,3.28E-05,0.161494737,8.82E-05,-0.762353392,0.000108637,98.2960222,81.19796485,6.654024052,11.06197965,25.08418131,8.066604995
Jilin,Tonghua,2324439,148.869774,6,0.2581268,0,0,0,0.040688645,3.43E-05,0.155418347,0.000115074,-1.06058197,0.000100434,109.4723481,61.12601995,11.96645512,14.78331822,22.8081557,16.79510426
Jilin,Yanbian Korean,2270816,52.16278175,7,0.308259234,0,0,0,0.037604094,1.78E-05,0.158612327,0.000104658,-1.09274923,8.74E-05,75.81002088,40.62526096,5.401878914,10.9039666,22.03842049,8.504175365
Liaoning,Anshan,3598000,389.1420782,4,0.138966092,0,0,0,0.04860752,8.97E-05,0.152372644,0.000168575,-0.982348216,0.000120041,131.811553,80.76511501,14.50053754,16.98583513,24.57208887,23.49252658
Liaoning,Benxi,1687000,199.6807263,3,0.177830468,0,0,0,0.043440346,5.82E-05,0.153702212,0.000137766,-1.115872832,0.000102204,120.7442927,71.49297314,16.31405727,19.29276195,23.96737026,20.52192223
Liaoning,Chaoyang,2949000,149.8557208,6,0.2034588,1,0.0339098,16.66666667,0.041911294,4.49E-05,0.153290493,0.000144969,-0.977886774,0.000113305,116.4189681,71.0419864,19.20441686,11.19711117,16.01034676,25.42515438
Liaoning,Dalian,6988000,558.8922289,18,0.386376646,0,0,0,0.047343276,7.62E-05,0.149459841,0.00014975,-0.963378907,0.000119584,107.4409879,60.46630707,7.19230247,17.33302963,27.06500756,14.60631511
Liaoning,Dandong,2395000,162.0562155,11,0.459290188,0,0,0,0.044099276,4.57E-05,0.152158741,0.000155683,-1.052955139,0.00010619,112.2751213,59.8964671,13.22705699,13.76913036,22.66693905,18.25544805
Liaoning,Fushun,2065000,183.7747999,1,0.04842615,0,0,0,0.043049661,5.66E-05,0.155275311,0.000135954,-1.085280382,0.000107357,114.7262168,67.1963262,12.36045867,16.13025882,24.64175258,17.05006903
Liaoning,Fuxin,1766000,171.2896892,8,0.453001133,0,0,0,0.042640967,4.55E-05,0.155850778,0.000134967,-0.852960201,0.000112097,106.4229613,80.65770254,13.24229246,14.33419196,21.98699574,27.57712081
Liaoning,Huludao,2547000,247.2298537,12,0.471142521,1,0.039261877,8.333333333,0.046346537,6.99E-05,0.151545608,0.000162324,-0.988438046,0.000134065,117.5192645,74.3118592,14.05568575,18.75458173,26.19368422,24.30718169
Liaoning,Jinzhou,3050000,305.7977947,12,0.393442623,0,0,0,0.045796371,6.69E-05,0.154167316,0.000180675,-0.878745877,0.000123353,122.7404643,70.89982251,11.58230025,18.9240751,27.53725671,27.58209193
Liaoning,Liaoyang,1837000,393.4410319,3,0.217746326,0,0,0,0.050379826,0.000118376,0.153601896,0.00019118,-0.988494437,0.000124575,132.8995394,75.79286395,16.76308345,16.02456208,23.39291722,22.73756289
Liaoning,Panjin,1437000,395.5513457,11,0.765483646,0,0,0,0.047322062,7.86E-05,0.153528774,0.000158351,-0.928993046,0.000122788,117.539333,61.79456867,11.80889556,13.90857776,28.7046915,14.58823687
Liaoning,Shenyang,8294000,643.3432462,31,0.421991801,0,0,0,0.047068238,9.20E-05,0.155808636,0.000153114,-0.821760163,0.000122038,132.0640371,81.39046622,9.641938516,21.67443132,25.75126556,29.38594732
Liaoning,Yingkou,2438000,469.8582554,1,0.041017227,0,0,0,0.048970743,9.39E-05,0.15157094,0.00016328,-1.005873536,0.000122529,106.3680712,59.35411363,10.26411902,16.85517779,34.38782337,17.61357436
Nei Mongol,Alxa,249400,1.036078396,0,0,0,0,,0.030319139,1.49E-05,0.142240801,6.24E-05,-0.45801664,7.25E-05,92.89067439,56.48803281,6.87889494,5.389929587,35.75102401,5.005894127
Nei Mongol,Baotou,2888700,114.0322555,11,0.380794129,0,0,0,0.031593078,2.97E-05,0.147483074,7.54E-05,-0.749154431,7.39E-05,116.8265051,89.86655858,13.42849994,20.8463273,25.38479258,22.98836723
Nei Mongol,Baynnur,1689700,26.25845527,8,0.473456827,1,0.059182103,12.5,0.031088179,2.21E-05,0.14599629,6.93E-05,-0.62323298,7.40E-05,92.91215617,59.54569654,4.617568767,10.71783496,26.72423146,11.35758651
Nei Mongol,Chifeng,4321800,50.92292333,9,0.208246564,0,0,0,0.034840886,1.66E-05,0.155557121,8.82E-05,-0.839304094,8.17E-05,99.51811713,70.2306845,9.120899682,12.14172872,28.32842083,23.07614126
Nei Mongol,Hohhot,3126400,160.354249,7,0.223899693,0,0,0,0.034291485,7.28E-05,0.145865815,0.000107514,-0.908563506,9.42E-05,81.31168831,39.94155844,27.01298701,22.66883117,15.97402597,34.66233766
Nei Mongol,Hulunbuir,2530100,10.01538591,9,0.276668906,0,0,0,0.033898423,7.70E-06,0.166430259,3.71E-05,-1.012134892,6.23E-05,86.10885568,45.37293637,4.134285949,9.225952372,20.241511,4.836696381
Nei Mongol,Ordos,2078400,23.93041137,11,0.529253272,0,0,0,0.033389508,4.81E-05,0.142053692,0.00010891,-0.791866503,9.63E-05,89.58179393,55.12258718,6.181004489,10.00673733,39.50533469,15.52286295
Nei Mongol,Tongliao,3133200,52.8678478,7,0.223413762,0,0,0,0.038774491,2.42E-05,0.158349406,0.000100745,-0.78434609,9.69E-05,98.05675322,65.38870948,7.841446278,8.057344815,23.91664918,7.565151298
Nei Mongol,Ulaan Chab,2096100,38.34052419,3,0.143122943,0,0,0,0.031672933,2.50E-05,0.148598377,6.60E-05,-0.788543256,7.48E-05,98.46278027,48.06367713,4.411659193,12.64573991,31.05812897,8.50941704
Nei Mongol,Wuhai,563300,365.5149081,2,0.355050595,0,0,0,0.036487232,0.000119217,0.141729707,0.000230187,-0.756579176,0.000107177,111.1381587,88.25492117,9.184092114,11.97806287,28.46750183,24.58315119
Nei Mongol,Xilin Gol,1054800,5.190356058,9,0.853242321,0,0,0,0.031610054,9.62E-06,0.155154948,6.51E-05,-0.701932047,6.71E-05,48.77955215,41.29284523,5.282247156,3.723181667,19.05487371,9.240989675
Nei Mongol,Xing'an,1607900,30.02775563,1,0.062192922,0,0,0,0.035001686,1.17E-05,0.162105132,9.42E-05,-0.946253672,7.57E-05,69.33421751,35.86914235,4.514588859,6.021220159,25.6899017,3.274977896
Ningxia Hui,Guyuan,1228237,108.8197607,5,0.407087557,0,0,0,0.029362401,2.19E-05,0.132032367,8.19E-05,-0.915447967,9.37E-05,,,,,,
Ningxia Hui,Shizuishan,802978,182.5500139,1,0.124536413,0,0,0,0.038133476,8.69E-05,0.14052632,0.000185325,-0.83976561,0.000109264,112.0172608,82.10134234,8.308158754,12.90280722,23.51683461,29.90322922
Ningxia Hui,Wuzhong,1403742,84.92159419,28,1.994668536,0,0,0,0.031598671,3.30E-05,0.136328778,0.000100747,-0.758201996,9.92E-05,,,,,,
Ningxia Hui,Yinchuan,2225391,308.3731862,36,1.61769325,0,0,0,0.034997103,7.27E-05,0.138519783,0.000146883,-0.782182047,0.000115716,111.9021468,80.12684195,9.930856915,16.54989429,25.31294809,22.79209227
Ningxia Hui,Zhongwei,1157525,93.13765093,4,0.345564891,0,0,0,0.030491701,3.05E-05,0.13488263,9.42E-05,-0.781543288,9.79E-05,,,,,,
Qinghai,Golog Tibetan,205660,2.681729759,0,0,0,0,,0.017377177,7.99E-06,0.124847986,7.32E-06,-0.94225064,5.11E-05,,,,,,
Qinghai,GyÃªgu Tibetan,409500,1.675430404,0,0,0,0,,0.016100661,7.21E-06,0.124884903,8.39E-07,-0.858788466,5.03E-05,,,,,,
Qinghai,Haibei Tibetan,283000,9.109523512,3,1.060070671,0,0,0,0.019166696,8.53E-06,0.133233491,2.96E-05,-0.982630485,5.31E-05,,,,,,
Qinghai,Haidong,1470800,112.900367,0,0,0,0,,0.025124591,2.87E-05,0.131258112,8.52E-05,-1.027959269,8.73E-05,112.5974146,71.93721145,10.92982456,15.14127424,28.7593985,13.24284395
Qinghai,Hainan Tibetan,472400,10.41708573,0,0,0,0,,0.019819919,9.09E-06,0.129490257,2.76E-05,-0.871836186,6.27E-05,,,,,,
Qinghai,Haixi Mongol and Tibetan,515000,1.838053353,0,0,0,0,,0.019025975,6.76E-06,0.131816232,6.10E-06,-0.343593547,5.27E-05,88.95916515,64.90108893,6.695099819,4.44646098,40.61658986,8.078039927
Qinghai,Huangnan Tibetan,272500,15.31674924,0,0,0,0,,0.019790024,9.07E-06,0.127498478,3.27E-05,-1.034004596,6.22E-05,,,,,,
Qinghai,Xining,2355000,327.7878808,15,0.636942675,0,0,0,0.024448705,3.10E-05,0.131866137,9.93E-05,-1.026670667,7.09E-05,124.1845187,74.7894419,11.81493366,12.45724627,24.8283477,13.46005591
Shaanxi,Ankang,2661000,113.7309129,26,0.977076287,0,0,0,0.038092936,2.23E-05,0.125799525,3.45E-05,-0.991328512,0.000133994,126.3629556,72.11732401,25.18522217,16.36181909,17.9323574,40.5807904
Shaanxi,Baoji,3781000,208.545388,13,0.343824385,0,0,0,0.034928095,3.55E-05,0.12906671,6.81E-05,-0.970161984,0.000126369,143.6176072,80.93500596,15.83981039,15.23821666,19.06001981,13.2317187
Shaanxi,Hanzhong,3449300,127.0387349,26,0.753776128,0,0,0,0.037224327,2.40E-05,0.126207957,4.57E-05,-0.937706258,0.000127731,104.8851651,48.84066805,10.68369618,10.33368264,23.86437314,5.352831679
Shaanxi,Shangluo,2381300,121.3744611,7,0.293957082,0,0,0,0.037233154,2.94E-05,0.127920669,5.46E-05,-1.042291601,0.000136849,93.42942951,47.86527949,12.9381254,10.35718124,24.40895331,9.122817117
Shaanxi,Tongchuan,833400,360.2700449,8,0.959923206,0,0,0,0.037486108,5.79E-05,0.132145131,6.39E-05,-1.008995428,0.000149964,135.4969652,76.82344214,17.38710548,18.07283518,14.33396277,29.33295117
Shaanxi,Weinan,5382900,409.5144661,15,0.278660202,0,0,0,0.045305427,8.53E-05,0.132066162,0.000100776,-0.928815732,0.000177193,134.3879243,86.34169107,9.53617014,19.84178108,21.36102382,14.73201948
Shaanxi,Xi'an,8989000,881.8773539,120,1.334964957,3,0.033374124,2.5,0.039795253,9.40E-05,0.129198333,7.62E-05,-0.94973568,0.000160856,125.4309283,86.95492566,14.65436044,18.60083224,17.93619924,12.10995743
Shaanxi,Xianyang,5210000,438.8852032,17,0.326295585,0,0,0,0.03979414,7.44E-05,0.131159581,7.60E-05,-0.923007867,0.000157449,143.5597991,90.95779271,12.33137123,17.26666321,21.20008988,13.38103263
Shaanxi,Yan'an,2263100,61.24501478,8,0.353497415,0,0,0,0.034668914,3.29E-05,0.134834617,6.62E-05,-1.019493389,0.000123547,115.0218385,75.62626067,18.90671597,24.40689308,24.08506424,14.04223824
Shaanxi,Yulin,3403300,78.91621395,3,0.088149737,0,0,0,0.035190969,5.90E-05,0.138948208,0.000109781,-0.915836524,0.000111707,85.85046697,55.62922756,11.37534195,13.7964528,20.26892989,6.998585122
Shandong,Binzhou,3912300,452.2416392,15,0.383406181,0,0,0,0.053684211,0.000136563,0.142167532,0.000188897,-0.96768648,0.000186764,150.490141,89.33315653,14.91498253,22.60632603,22.78320394,29.63129043
Shandong,Dezhou,5795800,563.3157907,37,0.638393319,2,0.034507747,5.405405405,0.052740791,0.000120979,0.140945042,0.00016476,-0.955142157,0.000192755,169.48135,105.9857424,13.30569155,22.00808485,30.50643425,23.40277658
Shandong,Dongying,2154600,289.7754555,0,0,0,0,,0.052665787,0.000126204,0.142518977,0.000178855,-0.955713512,0.000181561,140.7331838,96.34685779,10.19241669,21.05435178,38.19778567,30.15825237
Shandong,Heze,8736000,719.8081678,18,0.206043956,0,0,0,0.051288179,0.000115396,0.134704451,0.000104531,-0.998363504,0.000193456,167.1587359,107.4574615,12.78798161,18.68740451,34.98546728,22.98648323
Shandong,Jinan,7321200,900.1417358,47,0.641971262,0,0,0,0.053282425,0.000143713,0.139424632,0.000163738,-0.989732811,0.000192289,153.3778415,107.1482525,10.96348426,24.53315743,34.89613643,30.2108806
Shandong,Jining,8375900,878.7690948,260,3.104144032,0,0,0,0.051700004,0.000132266,0.135458352,0.00015649,-1.030173384,0.000201766,155.5757916,97.37401842,11.46044423,20.84059151,28.3347061,30.22507761
Shandong,Laiwu,1376000,655.5248611,0,0,0,0,,0.055096032,0.000149778,0.137831856,0.00016998,-1.021268215,0.000177201,165.3817297,94.53341498,15.22768274,23.45306055,23.14918832,35.74409083
Shandong,Liaocheng,6064300,703.945492,38,0.626618076,0,0,0,0.052222975,0.000125852,0.138361817,0.000147721,-0.946941319,0.000201847,165.9244812,110.1407406,15.19854611,22.00998432,24.75886776,23.75403344
Shandong,Linyi,10563400,615.7687642,49,0.463865801,0,0,0,0.051748607,0.000129719,0.135279538,0.000150403,-1.01041756,0.000181951,153.8899475,115.3282507,14.27100557,25.78878421,24.61078981,25.12058363
Shandong,Qingdao,9290500,848.6805236,65,0.656584683,1,0.010763683,1.639344262,0.049134726,0.000111293,0.138943721,0.000117952,-1.003565574,0.000154051,118.3524619,70.69386677,8.158650028,19.10971562,31.87559866,16.37682298
Shandong,Rizhao,2916500,553.018385,16,0.548602777,0,0,0,0.052474208,0.000133447,0.136256318,0.000147481,-1.014955486,0.00016904,120.3019989,75.12878075,7.543762159,16.43774919,31.50081476,14.99513067
Shandong,Tai'an,5645100,737.2643262,35,0.620006732,2,0.035428956,5.714285714,0.051915058,0.000136853,0.137149789,0.000157337,-1.003018819,0.000193656,143.164192,90.50404752,13.53446603,20.07583548,24.5451596,23.31665104
Shandong,Weifang,9363000,595.207592,44,0.46993485,0,0,0,0.052304305,0.000128284,0.13907581,0.00014714,-0.986460033,0.000175244,142.2183216,95.3015956,8.663464451,20.01397989,38.53207861,24.95767365
Shandong,Weihai,2825600,505.834984,38,1.344847112,1,0.035390713,2.631578947,0.045659005,6.73E-05,0.141205502,0.000121076,-1.015938923,0.000125247,97.4252991,56.15486675,5.243820601,12.23208468,39.02413336,10.08520804
Shandong,Yantai,7089400,520.6730687,47,0.662961605,0,0,0,0.047062767,8.18E-05,0.141378055,0.00013168,-1.01554237,0.000137702,111.1959998,63.46648661,7.054881537,17.69494918,31.99775617,13.27887175
Shandong,Zaozhuang,3920300,634.1491351,24,0.612198046,0,0,0,0.052078821,0.000130469,0.134429355,0.000153836,-1.004354494,0.000191104,162.7539058,112.0431289,8.301947108,18.7782427,39.64298322,33.33180245
Shandong,Zibo,4708400,727.6589244,30,0.63715912,1,0.021238637,3.333333333,0.055353835,0.000157471,0.138904506,0.000185773,-1.018235793,0.000184816,156.2746779,106.2647018,17.56734351,28.57149829,24.00723865,39.55358388
Shanghai,Shanghai,24183000,3513.049525,667,2.282595212,7,0.028945954,1.268115942,0.045641402,0.000178146,0.124858194,5.44E-05,-0.943512499,0.000156145,116.4858381,56.53327677,7.11708711,21.46388203,35.04897813,8.954382476
Shanxi,Changzhi,3468210,248.0759371,8,0.23066654,0,0,0,0.041265509,8.68E-05,0.135819447,0.000152015,-1.120071734,0.000151404,137.1430942,81.2877296,19.36799671,19.34843026,30.52546968,23.88611165
Shanxi,Datong,3455996,247.137987,12,0.347222624,0,0,0,0.036609631,7.16E-05,0.14510053,0.000128259,-0.978753511,0.00010117,105.7439345,70.28501688,16.51857026,14.54699768,28.8531575,22.85231581
Shanxi,Jincheng,2343106,248.8714058,10,0.426783936,0,0,0,0.04255818,8.37E-05,0.134061339,0.000129037,-1.128525486,0.000158871,128.357715,88.84423176,17.47692798,17.66539539,19.60768607,28.17058451
Shanxi,Jinzhong,3381576,206.5908272,37,1.094164378,0,0,0,0.04032093,0.000109714,0.138140252,0.000206668,-1.079159641,0.000144062,123.8362123,73.47620151,13.01005665,15.57601611,20.4145585,28.83130197
Shanxi,Linfen,4500264,224.5616735,2,0.044441837,0,0,0,0.043304429,7.51E-05,0.13517826,0.00013099,-1.047806797,0.000155298,126.6888807,68.21764952,23.18067208,16.1405807,20.47827348,27.78277883
Shanxi,Luliang,3885602,184.7952533,6,0.154416227,0,0,0,0.037446342,8.30E-05,0.13845528,0.000161943,-1.048613387,0.000126233,109.3824365,62.9091603,20.98156353,13.57317655,14.67312215,27.96791797
Shanxi,Shuozhou,1781219,166.4713716,8,0.449130623,0,0,0,0.035006071,7.89E-05,0.143992708,0.000135125,-0.961294943,9.78E-05,121.3255719,62.27807023,11.10319948,16.22057773,29.54451828,35.58362392
Shanxi,Taiyuan,4421458,634.1204022,21,0.452339477,0,0,0,0.038343135,0.000115692,0.139464273,0.000166524,-1.056165141,0.00013282,120.9856558,79.06408216,13.80463604,15.71022622,18.45829355,26.95529363
Shanxi,Xinzhou,3171991,126.1625111,7,0.220681585,0,0,0,0.035026928,7.13E-05,0.14194877,0.000129196,-1.031449516,0.000106179,125.3150777,70.8834198,18.61190696,15.24171761,22.92551158,28.4412267
Shanxi,Yangquan,1414360,309.2641482,4,0.282813428,0,0,0,0.040745655,0.000121166,0.140533556,0.000188686,-1.073094168,0.000152546,142.5539998,111.9909194,16.30189606,24.88781811,26.94771771,36.38276827
Shanxi,Yuncheng,5359652,375.7295825,19,0.354500628,0,0,0,0.048509623,8.36E-05,0.133050188,0.000129091,-0.985016867,0.00017366,134.867823,77.22593936,19.51925816,14.1671664,28.57669949,26.48581092
Sichuan,Bazhong,3316700,269.6528484,24,0.723610818,0,0,0,0.039698408,2.60E-05,0.124776349,2.15E-05,-0.947916996,0.000139279,85.17838551,43.39611868,8.014334313,11.92745775,19.48476199,2.884979905
Sichuan,Chengdu,16044700,1476.748973,168,1.028376972,3,0.018697763,1.818181818,0.041523762,8.14E-05,0.122273997,3.82E-05,-0.897162775,0.000163077,130.9328211,73.02557576,9.867846833,24.09288896,27.97132958,7.870872973
Sichuan,Dazhou,5689500,343.804987,42,0.738201951,0,0,0,0.041290602,3.05E-05,0.123810453,1.75E-05,-0.943228278,0.000144431,128.0153139,64.81099056,9.367135237,15.48898928,17.10314757,5.612469365
Sichuan,Deyang,3531600,592.2723718,18,0.509683996,0,0,0,0.041214078,6.53E-05,0.123107313,1.58E-05,-0.914469323,0.000153664,117.9660503,62.30325951,8.831155461,14.82762857,30.01625088,8.346031935
Sichuan,GarzÃª Tibetan,1186300,8.031056345,78,6.575065329,0,0,0,0.019471389,1.03E-05,0.118670327,1.40E-05,-1.182562255,6.05E-05,,,,,,
Sichuan,Guang'an,3250300,511.7851272,30,0.922991724,0,0,0,0.04503623,4.41E-05,0.122821146,3.33E-05,-0.886752129,0.000168761,108.4584362,61.38353909,7.455967078,10.76213992,25.07660283,10.77119342
Sichuan,Guangyuan,2660000,164.0870854,6,0.22556391,0,0,0,0.03874856,2.78E-05,0.125060616,2.82E-05,-0.936536576,0.000132651,63.52580588,41.15409532,6.157845879,12.49220233,28.21119463,9.156681557
Sichuan,Leshan,3272100,272.4523336,3,0.091684239,0,0,0,0.038783973,3.82E-05,0.119689404,6.96E-05,-0.883519783,0.000150445,121.5051155,61.40295149,9.669949509,14.31748334,24.46349677,9.979100602
Sichuan,Liangshan Yi,4835200,80.58017189,13,0.268861681,0,0,0,0.028071612,1.76E-05,0.116238499,4.76E-05,-1.201965116,0.000107684,67.4757793,32.25587171,7.534726797,7.376695009,32.60085512,8.956938228
Sichuan,Luzhou,4317200,353.0365429,24,0.555915871,0,0,0,0.042707167,3.77E-05,0.119705169,3.08E-05,-0.868788266,0.000179195,124.0061468,60.49490834,6.240479062,14.28187141,31.2233245,10.86726748
Sichuan,Meishan,2974800,367.8617072,8,0.268925642,0,0,0,0.04293929,5.37E-05,0.121440154,8.39E-05,-0.928401377,0.000161074,131.681758,67.59024004,6.360973826,13.52530563,26.35064317,7.799747045
Sichuan,Mianyang,4835600,239.292003,22,0.454959054,0,0,0,0.036669353,3.45E-05,0.123792,1.94E-05,-0.920959296,0.0001244,114.3002344,56.96232914,7.980033849,16.80380575,25.70039758,7.349768173
Sichuan,Nanchong,6417900,510.2150354,39,0.607675408,0,0,0,0.043950933,3.59E-05,0.124015123,1.64E-05,-0.908642989,0.000161674,135.7750923,67.46628901,7.797373429,16.11491784,18.36772382,9.579389091
Sichuan,Ngawa Tibetan and Qiang,940100,11.1890072,1,0.106371663,0,0,0,0.021413813,1.28E-05,0.121878604,2.28E-05,-1.166541494,6.73E-05,41.95215107,19.95750471,2.563273184,4.770896083,17.87739069,3.131681786
Sichuan,Panzhihua,1236100,166.4986952,16,1.294393657,0,0,0,0.03386067,2.95E-05,0.116163378,7.20E-05,-1.263183954,0.000137151,95.34954276,56.73618305,14.93472677,15.26452514,22.23721007,18.97594606
Sichuan,Suining,3235900,607.7177663,17,0.525356161,0,0,0,0.044842469,4.08E-05,0.123249579,2.53E-05,-0.915870864,0.000167471,116.500455,64.45222059,8.862413985,12.6510573,31.54508216,8.25238698
Sichuan,Ya'an,1537800,102.3767709,7,0.455195734,0,0,0,0.031012412,2.60E-05,0.119286558,9.38E-05,-0.926849133,0.000100673,91.08810127,46.56080788,7.7325964,9.515393365,17.83504566,5.523057936
Sichuan,Yibin,4530000,341.1370184,12,0.264900662,0,0,0,0.043719521,3.68E-05,0.120013261,2.88E-05,-0.905305668,0.000182257,126.7613622,63.27244172,8.533569891,13.90094655,21.6242667,12.72954086
Sichuan,Zigong,2901400,663.4593832,9,0.310195078,0,0,0,0.046125608,4.54E-05,0.121224783,2.90E-05,-0.917555051,0.000185355,140.9564002,74.14214906,8.377183005,12.55501992,21.1143848,10.38249124
Sichuan,Ziyang,2553100,321.6847398,4,0.156672281,0,0,0,0.044433289,4.46E-05,0.122383858,3.28E-05,-0.915297655,0.00017388,108.3735236,63.32966764,8.151840684,9.179371835,36.77854362,19.16989722
Tianjin,Tianjin,15569000,1330.812519,192,1.162566639,3,0.01926906,1.657458564,0.054123741,0.000175042,0.146920615,0.000193416,-0.872867898,0.000198662,134.9772081,84.08845341,13.95421642,21.39236239,21.00883407,16.72570663
Xinjiang Uygur,Aksu,2546000,19.46551191,1,0.039277298,0,0,0,0.02800186,1.41E-05,0.140072672,3.09E-05,-0.020260978,7.36E-05,118.9752358,127.247035,7.853238965,12.44456493,28.67313426,8.56668182
Xinjiang Uygur,Altay,671600,5.719324894,,,,,,0.02925958,1.05E-05,0.148133436,4.16E-05,-0.640216117,5.82E-05,41.81867634,20.47960109,8.395454545,7.636446056,25.84651163,9.402538531
Xinjiang Uygur,Bayin'gholin Mongol,1279300,2.700849113,3,0.234503244,0,0,0,0.024954511,9.17E-06,0.136879521,1.47E-05,-0.067147359,6.22E-05,118.3123328,104.872456,9.209316366,12.41653792,22.91185898,5.228373892
Xinjiang Uygur,BÃ¶rtala Mongol,475400,19.27414812,,,,,,0.029007398,1.84E-05,0.145728156,6.89E-05,-0.879126228,8.26E-05,,,,,,
Xinjiang Uygur,Changji Hui,1610000,20.75766621,4,0.248447205,0,0,0,0.032134705,3.21E-05,0.145344517,0.000115936,-0.706181403,8.72E-05,102.6746889,76.17176132,9.665351248,14.60793011,23.31135992,8.033753178
Xinjiang Uygur,Hami,572400,4.199020905,,,,,,0.029521828,1.34E-05,0.144123679,4.26E-05,-0.549414861,6.75E-05,,,,,,
Xinjiang Uygur,Ili Kazakh,2936400,52.26842573,18,0.612995505,0,0,0,0.025499624,1.55E-05,0.143260028,4.21E-05,-0.914029178,7.80E-05,92.68666159,56.08150995,15.12858701,13.43029149,20.67716728,7.882159575
Xinjiang Uygur,Karamay,442800,56.80993808,,,,,,0.03493126,2.92E-05,0.147450486,9.12E-05,-0.526450248,9.98E-05,88.54366253,55.54905564,11.17497122,12.73865071,33.20867078,4.57650864
Xinjiang Uygur,Kashgar,4649700,40.9964173,,,,,,0.024127137,1.24E-05,0.135302424,2.58E-05,-0.226092493,7.33E-05,163.7312421,170.2681728,11.79220328,13.46655669,23.48583608,7.028928205
Xinjiang Uygur,Khotan,2522800,10.12352119,,,,,,0.022773254,8.53E-06,0.132719501,1.99E-05,-0.021189845,6.60E-05,,,,,,
Xinjiang Uygur,Kizilsu Kirghiz,620600,9.182444994,,,,,,0.02105464,1.17E-05,0.136753955,2.60E-05,-0.603243344,5.84E-05,,,,,,
Xinjiang Uygur,Shihezi,770886,1573.152043,4,0.518883467,1,0.129720867,25,0.039207813,8.25E-05,0.146058063,0.000316528,-0.804175638,0.000126204,,,,,,
Xinjiang Uygur,Tacheng,1219369,12.83527575,,,,,,0.030227962,1.64E-05,0.146786285,6.11E-05,-0.785320871,7.95E-05,95.47762999,56.34719711,10.98891786,3.75,27.73288916,2.708876474
Xinjiang Uygur,Turfan,637300,9.222969594,3,0.470735917,0,0,0,0.031899856,2.21E-05,0.14299604,4.70E-05,-0.37519718,8.01E-05,124.5281818,104.2354545,14.87909091,15.19545455,20.21799629,9.247272727
Xinjiang Uygur,ÃrÃ¼mqi,3500000,341.7728673,23,0.657142857,0,0,0,0.027464561,5.52E-05,0.142948653,7.61E-05,-0.891341601,8.24E-05,128.5622022,103.4753673,13.5013362,24.55646841,15.7711654,10.26027504
Xizang,Chamdo,657505,6.191835516,0,0,0,0,,0.018333075,9.85E-06,0.118591734,5.89E-06,-1.15531164,5.65E-05,54.56570049,20.93252428,12.5632301,6.99643427,22.47760747,2.615237512
Xizang,Lhasa,559423,18.92389268,1,0.178755611,0,0,0,0.017442157,1.11E-05,0.117540287,1.09E-05,-0.958082321,5.96E-05,72.27120064,44.56902238,6.788926137,6.746754721,34.52992582,5.219713158
Xizang,Nagchu,462381,1.178040001,0,0,0,0,,0.015890098,6.46E-06,0.122920576,1.51E-06,-0.696720743,5.40E-05,112.5821123,86.21598263,16.69486321,8.994579062,20.58386649,16.05621311
Xizang,Ngari,95465,0.32573109,0,0,0,0,,0.015826388,7.58E-06,0.123384736,8.73E-06,-0.566116483,5.65E-05,55.45455603,30.70803572,8.657444168,4.010661011,21.97772544,6.641661099
Xizang,Nyingtri,195109,2.418337737,0,0,0,0,,0.019643984,8.80E-06,0.116942884,-3.56E-06,-1.0427813,5.62E-05,38.20209424,23.58693564,3.660098522,3.16848816,26.47843531,2.747723133
Xizang,Shannan,328990,6.951296325,0,0,0,0,,0.018223622,1.02E-05,0.115810892,1.13E-05,-0.967158563,6.79E-05,42.10435572,24.24954628,6.650865998,3.172413793,26.88461538,1.851179673
Xizang,Shigatse,703292,3.88936983,0,0,0,0,,0.017160514,8.40E-06,0.117344809,1.38E-05,-0.644380209,6.50E-05,59.83624667,29.94149357,4.020605164,6.745665465,30.3786365,3.734104677
Yunnan,Baoshan,2627000,137.7230628,9,0.342596117,0,0,0,0.030992657,1.50E-05,0.115170202,1.56E-05,-1.240752788,0.00010809,86.00147875,42.0289077,6.997600489,7.312370603,28.6715847,6.455742609
Yunnan,Chuxiong Yi,2748000,96.5602834,4,0.145560408,0,0,0,0.030929781,1.73E-05,0.115340353,3.01E-05,-1.275086009,0.00011827,65.68396514,30.54478637,5.66356007,8.374072686,17.26253718,10.94304569
Yunnan,Dali Bai,3599300,126.9435419,13,0.361181341,0,0,0,0.028586943,1.56E-05,0.115154095,3.01E-05,-1.251265907,0.000101488,72.97406082,24.05925251,3.692307692,6.76744186,26.9270073,3.039355993
Yunnan,Dehong Dai and Jingpo,1316000,118.2321655,5,0.37993921,0,0,0,0.033598814,1.50E-05,0.115498518,1.17E-05,-1.259222025,0.000120066,74.53846154,45.63736264,6.254578755,8.765567766,39.16945996,11.4459707
Yunnan,DÃªqÃªn Tibetan,414000,17.8875569,0,0,0,0,,0.022835836,1.02E-05,0.115462418,1.72E-05,-1.219653456,7.09E-05,52.04109819,26.28500996,6.577285033,5.280702927,16.8366619,5.600859222
Yunnan,Honghe Hani and Yi,4744000,147.5691558,9,0.189713322,0,0,0,0.035916124,2.07E-05,0.115231969,9.14E-06,-1.240253659,0.00014024,82.53284514,42.55211823,3.043371095,4.582545058,33.55817042,9.653416154
Yunnan,Kunming,6850000,326.0012638,53,0.773722628,0,0,0,0.03136734,3.12E-05,0.115277192,3.94E-05,-1.227519276,0.000126749,81.82762416,44.52776071,8.395589847,12.53933606,23.51355069,8.643535416
Yunnan,Lijiang,1296000,63.0962373,7,0.540123457,0,0,0,0.027028822,1.43E-05,0.115370453,2.78E-05,-1.250526698,0.000100177,49.33804004,24.48807089,5.307357709,4.170057988,27.90322764,3.999377803
Yunnan,Lincang,2536000,107.5881133,1,0.039432177,0,0,0,0.032604791,1.49E-05,0.115053044,7.64E-06,-1.253947994,0.000114568,72.23332247,34.51196121,7.545972851,6.015108708,24.92263996,7.131560009
Yunnan,Nujiang Lisu,553000,38.0719241,0,0,0,0,,0.025588111,9.63E-06,0.115311632,2.09E-05,-1.15464392,7.75E-05,58.98154982,30.2601476,4.443726937,3.738929889,23.0754717,2.958487085
Yunnan,Pu'er,2637000,59.8373527,4,0.151687524,0,0,0,0.034132684,1.50E-05,0.11511368,5.63E-07,-1.298291129,0.000126633,,,,,,
Yunnan,Qujing,6155400,213.4090279,13,0.211196673,0,0,0,0.032318907,2.97E-05,0.115821884,3.18E-05,-1.221422537,0.000130394,90.48383766,43.67840621,8.966455479,8.237413932,24.00592428,12.10394551
Yunnan,Wenshan Zhuang and Miao,3654000,116.0681369,2,0.054734537,0,0,0,0.03692562,2.15E-05,0.115543146,-2.46E-06,-1.187737458,0.000140263,86.95987023,35.21748695,5.323643321,6.042166831,26.03681789,4.555763308
Yunnan,Xishuangbanna Dai,1188000,61.82015624,15,1.262626263,1,0.084175084,6.666666667,0.037189092,1.66E-05,0.115243318,-7.22E-06,-1.27368149,0.000155123,71.71052064,42.82090118,5.993002614,8.015245043,30.55847434,4.387090608
Yunnan,Yuxi,2386000,159.0971772,14,0.586756077,1,0.041911148,7.142857143,0.033921733,2.22E-05,0.115275976,1.54E-05,-1.278150603,0.000134397,80.47857529,40.80516393,12.80064722,9.134692186,19.12332314,10.9612818
Yunnan,Zhaotong,5591000,248.4628886,25,0.447147201,0,0,0,0.034668092,2.60E-05,0.117574379,4.69E-05,-0.972364178,0.00013476,77.30694408,42.79262197,6.864325069,6.857260287,34.19631273,14.87425205
Zhejiang,Hangzhou,9468000,554.691188,181,1.911702577,0,0,0,0.04355016,7.41E-05,0.1219181,2.01E-05,-1.090778293,0.000174475,119.5907297,62.48337038,8.165354353,18.62134495,28.01229467,8.245874392
Zhejiang,Huzhou,2995000,516.128418,10,0.333889816,0,0,0,0.045860004,0.000110352,0.123772638,3.52E-05,-1.072178167,0.000192523,123.8395292,57.98443654,8.699011804,19.57707251,31.38227514,9.734654564
Zhejiang,Jiaxing,4656000,1170.144296,46,0.987972509,0,0,0,0.045646968,0.000149654,0.123776452,3.55E-05,-1.012015548,0.000182886,121.5307213,59.59823727,8.280133156,20.27526255,33.784743,11.87032365
Zhejiang,Jinhua,5564000,509.4997175,55,0.988497484,0,0,0,0.042417879,5.92E-05,0.120562581,1.24E-05,-1.064907322,0.000170625,123.7518156,58.45745783,9.373545575,19.23564583,29.90859389,13.01502506
Zhejiang,Lishui,2186000,127.1070499,17,0.777676121,0,0,0,0.038443546,2.86E-05,0.11889925,1.49E-05,-1.10514906,0.000133145,106.8515864,48.49806702,6.670916748,14.29995324,25.18609609,6.469573558
Zhejiang,Ningbo,8005000,897.5006079,157,1.961274204,0,0,0,0.04285619,8.50E-05,0.121733541,2.19E-05,-0.993980169,0.000167969,109.2252522,54.75720354,8.1225181,17.19641065,28.1713553,9.429598535
Zhejiang,Quzhou,2185000,246.7628482,14,0.640732265,0,0,0,0.042999603,4.70E-05,0.12040341,4.20E-05,-1.081608351,0.000166161,113.7221445,54.24403012,9.042426756,14.74762706,29.51229759,11.14217708
Zhejiang,Shaoxing,5010000,629.8697817,42,0.838323353,0,0,0,0.043165587,7.76E-05,0.121648968,1.52E-05,-1.068922444,0.000176595,120.4182127,60.04267487,8.656447604,18.60808927,24.82431037,12.90396808
Zhejiang,Taizhou,6118000,646.481961,146,2.386400785,0,0,0,0.041088556,4.70E-05,0.120157674,-1.44E-06,-1.042787573,0.000142661,110.6910086,51.97714656,7.693233485,11.70973266,34.97994616,4.330181149
Zhejiang,Wenzhou,9215000,808.6770303,504,5.469343462,1,0.010851872,0.198412698,0.040001285,4.24E-05,0.118975672,-4.34E-06,-1.03665986,0.000143874,108.5754309,54.78967085,9.648083895,21.12341902,25.68440969,7.986291078
Zhejiang,Zhoushan,1168000,948.1261838,10,0.856164384,0,0,0,0.043179291,6.85E-05,0.122586745,2.91E-05,-0.95306304,0.000142559,90.78353538,42.13649024,7.295030552,9.447344849,39.14063032,3.779009233
Sichuan,Neijiang,3753700,696.7256151,22,0.586088393,0,0,0,0.04514632,4.92E-05,0.121608407,2.48E-05,-0.896040309,0.000179997,129.5245277,61.50122099,6.391109658,12.87317817,27.87537126,11.09140242
Hong Kong SAR,Hong Kong,7451000,6598.009377,1065,12.88417662,4,0.053684069,0.416666667,0.042420037,0.000139171,0.116276323,-4.84E-05,-1.015804656,0.000176422,92.08088765,46.09829746,10.1357221,16.53528685,27.86990432,4.103806768
Macao SAR,Macao,653100,19136.39023,45,6.890215893,0,0,0,0.04330875,0.000125722,0.116335973,-4.25E-05,-0.976939939,0.000170445,,,,,,
Taiwan,Taiwan,23603121,648.3245396,441,1.605719854,7,0.021183639,1.319261214,0.034858382,3.91E-05,0.115054115,-2.12E-05,-1.087614478,0.000121268,,,,,,
Spratly Islands,Spratly Islands,,,,,,,,,,,,,,,,,,,
Liaoning,Tieling,2638000,203.7339231,7,0.341167551,0,0,0,0.044964052,7.19E-05,0.157208992,0.000128473,-0.928412289,0.000118791,135.4015571,71.1967817,8.478777176,18.71800412,26.34486647,19.88508539
